NAMA SALESMAN;USERNAME VIRTUSEE;STORE NAME;REFFERENCE CODE;STORE CODE;SPV GLICO;REGION;DISTRIBUTOR;DEPO
YASIN;probolinggo2;SURYANI;UDN026S00045;S00045;SANNY RATNA SARI;EAST JAVA;PT UNIRAMA DUTA NIAGA;PROBOLINGGO
YASIN;probolinggo2;A MART;UDN026A00158;A00158;SANNY RATNA SARI;EAST JAVA;PT UNIRAMA DUTA NIAGA;PROBOLINGGO
YASIN;probolinggo2;ABADI;UDN026A00112;A00112;SANNY RATNA SARI;EAST JAVA;PT UNIRAMA DUTA NIAGA;PROBOLINGGO
YASIN;probolinggo2;ABADI;UDN026A00072;A00072;SANNY RATNA SARI;EAST JAVA;PT UNIRAMA DUTA NIAGA;PROBOLINGGO
YASIN;probolinggo2;AGUS;UDN026A00026;A00026;SANNY RATNA SARI;EAST JAVA;PT UNIRAMA DUTA NIAGA;PROBOLINGGO
YASIN;probolinggo2;AIR MART;UDN026A00110;A00110;SANNY RATNA SARI;EAST JAVA;PT UNIRAMA DUTA NIAGA;PROBOLINGGO
YASIN;probolinggo2;AL MAIRA;UDN026A00143;A00143;SANNY RATNA SARI;EAST JAVA;PT UNIRAMA DUTA NIAGA;PROBOLINGGO
YASIN;probolinggo2;ALFANUR;UDN026A00092;A00092;SANNY RATNA SARI;EAST JAVA;PT UNIRAMA DUTA NIAGA;PROBOLINGGO
YASIN;probolinggo2;AMIN;UDN026A00127;A00127;SANNY RATNA SARI;EAST JAVA;PT UNIRAMA DUTA NIAGA;PROBOLINGGO
YASIN;probolinggo2;ARIFAH CELL;UDN026A00053;A00053;SANNY RATNA SARI;EAST JAVA;PT UNIRAMA DUTA NIAGA;PROBOLINGGO
YASIN;probolinggo2;ARTHA DIANA;UDN026A00006;A00006;SANNY RATNA SARI;EAST JAVA;PT UNIRAMA DUTA NIAGA;PROBOLINGGO
YASIN;probolinggo2;BARMUHAS;UDN026B00061;B00061;SANNY RATNA SARI;EAST JAVA;PT UNIRAMA DUTA NIAGA;PROBOLINGGO
YASIN;probolinggo2;BAROKAH JAYA/H.AHMAD;UDN026B00068;B00068;SANNY RATNA SARI;EAST JAVA;PT UNIRAMA DUTA NIAGA;PROBOLINGGO
YASIN;probolinggo2;BASMALAH CONDONG;UDN026B00086;B00086;SANNY RATNA SARI;EAST JAVA;PT UNIRAMA DUTA NIAGA;PROBOLINGGO
YASIN;probolinggo2;BASMALAH WANGKAL;UDN026B00085;B00085;SANNY RATNA SARI;EAST JAVA;PT UNIRAMA DUTA NIAGA;PROBOLINGGO
YASIN;probolinggo2;BERKAH;UDN026B00088;B00088;SANNY RATNA SARI;EAST JAVA;PT UNIRAMA DUTA NIAGA;PROBOLINGGO
YASIN;probolinggo2;BILVANA;UDN026B00127;B00127;SANNY RATNA SARI;EAST JAVA;PT UNIRAMA DUTA NIAGA;PROBOLINGGO
YASIN;probolinggo2;CANDRA;UDN026C00019;C00019;SANNY RATNA SARI;EAST JAVA;PT UNIRAMA DUTA NIAGA;PROBOLINGGO
YASIN;probolinggo2;CENDRAWASIH;UDN026C00010;C00010;SANNY RATNA SARI;EAST JAVA;PT UNIRAMA DUTA NIAGA;PROBOLINGGO
YASIN;probolinggo2;DAMAI;UDN026D00003;D00003;SANNY RATNA SARI;EAST JAVA;PT UNIRAMA DUTA NIAGA;PROBOLINGGO
YASIN;probolinggo2;DEA;UDN026D00036;D00036;SANNY RATNA SARI;EAST JAVA;PT UNIRAMA DUTA NIAGA;PROBOLINGGO
YASIN;probolinggo2;DEDIT;UDN026D00020;D00020;SANNY RATNA SARI;EAST JAVA;PT UNIRAMA DUTA NIAGA;PROBOLINGGO
YASIN;probolinggo2;DEVI;UDN026D00016;D00016;SANNY RATNA SARI;EAST JAVA;PT UNIRAMA DUTA NIAGA;PROBOLINGGO
YASIN;probolinggo2;DUA PUTRA;UDN026D00010;D00010;SANNY RATNA SARI;EAST JAVA;PT UNIRAMA DUTA NIAGA;PROBOLINGGO
YASIN;probolinggo2;FAIZ;UDN026F00044;F00044;SANNY RATNA SARI;EAST JAVA;PT UNIRAMA DUTA NIAGA;PROBOLINGGO
YASIN;probolinggo2;FAMILY TOSERBA;UDN026F00032;F00032;SANNY RATNA SARI;EAST JAVA;PT UNIRAMA DUTA NIAGA;PROBOLINGGO
YASIN;probolinggo2;FARIDA;UDN026F00005;F00005;SANNY RATNA SARI;EAST JAVA;PT UNIRAMA DUTA NIAGA;PROBOLINGGO
YASIN;probolinggo2;GATOT KACA;UDN026G00023;G00023;SANNY RATNA SARI;EAST JAVA;PT UNIRAMA DUTA NIAGA;PROBOLINGGO
YASIN;probolinggo2;HALIMAH;UDN026H00043;H00043;SANNY RATNA SARI;EAST JAVA;PT UNIRAMA DUTA NIAGA;PROBOLINGGO
YASIN;probolinggo2;HARIN;UDN026H00038;H00038;SANNY RATNA SARI;EAST JAVA;PT UNIRAMA DUTA NIAGA;PROBOLINGGO
YASIN;probolinggo2;HENY/HANNY;UDN026H06199;H06199;SANNY RATNA SARI;EAST JAVA;PT UNIRAMA DUTA NIAGA;PROBOLINGGO
YASIN;probolinggo2;HIDAYAH MM;UDN026H00001;H00001;SANNY RATNA SARI;EAST JAVA;PT UNIRAMA DUTA NIAGA;PROBOLINGGO
YASIN;probolinggo2;METRO MART;UDN026M00032;M00032;SANNY RATNA SARI;EAST JAVA;PT UNIRAMA DUTA NIAGA;PROBOLINGGO
YASIN;probolinggo2;MUTIARA KASIH;UDN026M00023;M00023;SANNY RATNA SARI;EAST JAVA;PT UNIRAMA DUTA NIAGA;PROBOLINGGO
YASIN;probolinggo2;NADIR;UDN026N00012;N00012;SANNY RATNA SARI;EAST JAVA;PT UNIRAMA DUTA NIAGA;PROBOLINGGO
YASIN;probolinggo2;NASIR;UDN026N00030;N00030;SANNY RATNA SARI;EAST JAVA;PT UNIRAMA DUTA NIAGA;PROBOLINGGO
YASIN;probolinggo2;NURHASANAH/MUTMAINAH;UDN026N00050;N00050;SANNY RATNA SARI;EAST JAVA;PT UNIRAMA DUTA NIAGA;PROBOLINGGO
YASIN;probolinggo2;PELANGI;UDN026P00025;P00025;SANNY RATNA SARI;EAST JAVA;PT UNIRAMA DUTA NIAGA;PROBOLINGGO
YASIN;probolinggo2;PRINGGO;UDN026A00022;A00022;SANNY RATNA SARI;EAST JAVA;PT UNIRAMA DUTA NIAGA;PROBOLINGGO
YASIN;probolinggo2;PUTRA MAHKOTA;UDN026P00023;P00023;SANNY RATNA SARI;EAST JAVA;PT UNIRAMA DUTA NIAGA;PROBOLINGGO
YASIN;probolinggo2;RISDA;UDN026R00058;R00058;SANNY RATNA SARI;EAST JAVA;PT UNIRAMA DUTA NIAGA;PROBOLINGGO
YASIN;probolinggo2;RISKY BAROKAH;UDN026R00002;R00002;SANNY RATNA SARI;EAST JAVA;PT UNIRAMA DUTA NIAGA;PROBOLINGGO
YASIN;probolinggo2;SAHABAT;UDN026S00150;S00150;SANNY RATNA SARI;EAST JAVA;PT UNIRAMA DUTA NIAGA;PROBOLINGGO
YASIN;probolinggo2;SALAMAH TELOR;UDN026S00120;S00120;SANNY RATNA SARI;EAST JAVA;PT UNIRAMA DUTA NIAGA;PROBOLINGGO
YASIN;probolinggo2;SIFANA;UDN026S00019;S00019;SANNY RATNA SARI;EAST JAVA;PT UNIRAMA DUTA NIAGA;PROBOLINGGO
YASIN;probolinggo2;SUBUR/SAIHAN;UDN026S00107;S00107;SANNY RATNA SARI;EAST JAVA;PT UNIRAMA DUTA NIAGA;PROBOLINGGO
YASIN;probolinggo2;SULASTRI/SUCIATI;UDN026S00108;S00108;SANNY RATNA SARI;EAST JAVA;PT UNIRAMA DUTA NIAGA;PROBOLINGGO
YASIN;probolinggo2;SUMAR JAYA;UDN026S00040;S00040;SANNY RATNA SARI;EAST JAVA;PT UNIRAMA DUTA NIAGA;PROBOLINGGO
YASIN;probolinggo2;WIJAYA;UDN026W00001;W00001;SANNY RATNA SARI;EAST JAVA;PT UNIRAMA DUTA NIAGA;PROBOLINGGO
YASIN;probolinggo2;WULAN;UDN026W00014;W00014;SANNY RATNA SARI;EAST JAVA;PT UNIRAMA DUTA NIAGA;PROBOLINGGO
YASIN;probolinggo2;BASMALAH JREBENG;UDN026B00120;B00120;SANNY RATNA SARI;EAST JAVA;PT UNIRAMA DUTA NIAGA;PROBOLINGGO
YASIN;probolinggo2;DELAPAN SEMBILAN/YUYUN;UDN026D00029;D00029;SANNY RATNA SARI;EAST JAVA;PT UNIRAMA DUTA NIAGA;PROBOLINGGO
YASIN;probolinggo2;ERA;UDN026E00035;E00035;SANNY RATNA SARI;EAST JAVA;PT UNIRAMA DUTA NIAGA;PROBOLINGGO
YASIN;probolinggo2;FITRI BERSAUDARA;UDN026F00015;F00015;SANNY RATNA SARI;EAST JAVA;PT UNIRAMA DUTA NIAGA;PROBOLINGGO
YASIN;probolinggo2;HUDA;UDN026H00054;H00054;SANNY RATNA SARI;EAST JAVA;PT UNIRAMA DUTA NIAGA;PROBOLINGGO
YASIN;probolinggo2;KBS MART;UDN026K00059;K00059;SANNY RATNA SARI;EAST JAVA;PT UNIRAMA DUTA NIAGA;PROBOLINGGO
YASIN;probolinggo2;NOVIA FROZEN;UDN026N00044;N00044;SANNY RATNA SARI;EAST JAVA;PT UNIRAMA DUTA NIAGA;PROBOLINGGO
YASIN;probolinggo2;SEGER WARAS;UDN026S00155;S00155;SANNY RATNA SARI;EAST JAVA;PT UNIRAMA DUTA NIAGA;PROBOLINGGO
YASIN;probolinggo2;TIWAR;UDN026T00013;T00013;SANNY RATNA SARI;EAST JAVA;PT UNIRAMA DUTA NIAGA;PROBOLINGGO
YASIN;probolinggo2;BASMALAH MUNENG;UDN026B00055;B00055;SANNY RATNA SARI;EAST JAVA;PT UNIRAMA DUTA NIAGA;PROBOLINGGO
YASIN;probolinggo2;BIN DAUD STORE;UDN026B00131;B00131;SANNY RATNA SARI;EAST JAVA;PT UNIRAMA DUTA NIAGA;PROBOLINGGO
YASIN;probolinggo2;GANDI;UDN026G00020;G00020;SANNY RATNA SARI;EAST JAVA;PT UNIRAMA DUTA NIAGA;PROBOLINGGO
YASIN;probolinggo2;GURU MART;UDN026G00010;G00010;SANNY RATNA SARI;EAST JAVA;PT UNIRAMA DUTA NIAGA;PROBOLINGGO
YASIN;probolinggo2;SAHID;UDN026S00039;S00039;SANNY RATNA SARI;EAST JAVA;PT UNIRAMA DUTA NIAGA;PROBOLINGGO
YASIN;probolinggo2;SURYA PLASTIK;UDN026S00127;S00127;SANNY RATNA SARI;EAST JAVA;PT UNIRAMA DUTA NIAGA;PROBOLINGGO
YASIN;probolinggo2;TANI MAKMUR;UDN026T00023;T00023;SANNY RATNA SARI;EAST JAVA;PT UNIRAMA DUTA NIAGA;PROBOLINGGO
YASIN;probolinggo2;VINA;UDN026V00012;V00012;SANNY RATNA SARI;EAST JAVA;PT UNIRAMA DUTA NIAGA;PROBOLINGGO
YASIN;probolinggo2;BASMALAH PAITON 1;UDN026B00007;B00007;SANNY RATNA SARI;EAST JAVA;PT UNIRAMA DUTA NIAGA;PROBOLINGGO
YASIN;probolinggo2;BASMALAH PAITON 2;UDN026B00118;B00118;SANNY RATNA SARI;EAST JAVA;PT UNIRAMA DUTA NIAGA;PROBOLINGGO
YASIN;probolinggo2;CV GRAHA MULIA;UDN026G00001;G00001;SANNY RATNA SARI;EAST JAVA;PT UNIRAMA DUTA NIAGA;PROBOLINGGO
YASIN;probolinggo2;CV KARUNIA DAMAI SEJAHTERA;UDN026K00002;K00002;SANNY RATNA SARI;EAST JAVA;PT UNIRAMA DUTA NIAGA;PROBOLINGGO
YASIN;probolinggo2;YULIATIN;UDN026Y00011;Y00011;SANNY RATNA SARI;EAST JAVA;PT UNIRAMA DUTA NIAGA;PROBOLINGGO
YASIN;probolinggo2;ABS FOTO COPY;UDN026A00111;A00111;SANNY RATNA SARI;EAST JAVA;PT UNIRAMA DUTA NIAGA;PROBOLINGGO
YASIN;probolinggo2;AMANAH;UDN026A00124;A00124;SANNY RATNA SARI;EAST JAVA;PT UNIRAMA DUTA NIAGA;PROBOLINGGO
YASIN;probolinggo2;ANI;UDN026A00137;A00137;SANNY RATNA SARI;EAST JAVA;PT UNIRAMA DUTA NIAGA;PROBOLINGGO
YASIN;probolinggo2;BARU;UDN026B00112;B00112;SANNY RATNA SARI;EAST JAVA;PT UNIRAMA DUTA NIAGA;PROBOLINGGO
YASIN;probolinggo2;BASMALAH BANTARAN;UDN026B00005;B00005;SANNY RATNA SARI;EAST JAVA;PT UNIRAMA DUTA NIAGA;PROBOLINGGO
YASIN;probolinggo2;BASMALAH PAKUNIRAN;UDN026B00035;B00035;SANNY RATNA SARI;EAST JAVA;PT UNIRAMA DUTA NIAGA;PROBOLINGGO
YASIN;probolinggo2;BASMALAH SEMAMPIR;UDN026B00107;B00107;SANNY RATNA SARI;EAST JAVA;PT UNIRAMA DUTA NIAGA;PROBOLINGGO
YASIN;probolinggo2;BASMALAH WONOASIH;UDN026B00006;B00006;SANNY RATNA SARI;EAST JAVA;PT UNIRAMA DUTA NIAGA;PROBOLINGGO
YASIN;probolinggo2;BREMI BARU;UDN026B00064;B00064;SANNY RATNA SARI;EAST JAVA;PT UNIRAMA DUTA NIAGA;PROBOLINGGO
YASIN;probolinggo2;CAHAYA MURNI;UDN026C00018;C00018;SANNY RATNA SARI;EAST JAVA;PT UNIRAMA DUTA NIAGA;PROBOLINGGO
YASIN;probolinggo2;DEDE FROZEN;UDN026D00031;D00031;SANNY RATNA SARI;EAST JAVA;PT UNIRAMA DUTA NIAGA;PROBOLINGGO
YASIN;probolinggo2;DWI LESTARI;UDN026D00034;D00034;SANNY RATNA SARI;EAST JAVA;PT UNIRAMA DUTA NIAGA;PROBOLINGGO
YASIN;probolinggo2;GRIANA MAMI;UDN026G00009;G00009;SANNY RATNA SARI;EAST JAVA;PT UNIRAMA DUTA NIAGA;PROBOLINGGO
YASIN;probolinggo2;INDAH;UDN026I00010;I00010;SANNY RATNA SARI;EAST JAVA;PT UNIRAMA DUTA NIAGA;PROBOLINGGO
YASIN;probolinggo2;INDAH JAYA;UDN026I00006;I00006;SANNY RATNA SARI;EAST JAVA;PT UNIRAMA DUTA NIAGA;PROBOLINGGO
YASIN;probolinggo2;IRFAN;UDN026I00011;I00011;SANNY RATNA SARI;EAST JAVA;PT UNIRAMA DUTA NIAGA;PROBOLINGGO
YASIN;probolinggo2;JAYA II;UDN026J00024;J00024;SANNY RATNA SARI;EAST JAVA;PT UNIRAMA DUTA NIAGA;PROBOLINGGO
YASIN;probolinggo2;KOP NURUL JADID/MANDIRI LOGISTIK;UDN026K00043;K00043;SANNY RATNA SARI;EAST JAVA;PT UNIRAMA DUTA NIAGA;PROBOLINGGO
YASIN;probolinggo2;MAKIYAH;UDN026M00055;M00055;SANNY RATNA SARI;EAST JAVA;PT UNIRAMA DUTA NIAGA;PROBOLINGGO
YASIN;probolinggo2;NISA;UDN026N00049;N00049;SANNY RATNA SARI;EAST JAVA;PT UNIRAMA DUTA NIAGA;PROBOLINGGO
YASIN;probolinggo2;NUR LAILI;UDN026N00015;N00015;SANNY RATNA SARI;EAST JAVA;PT UNIRAMA DUTA NIAGA;PROBOLINGGO
YASIN;probolinggo2;NURHASANAH;UDN026N00040;N00040;SANNY RATNA SARI;EAST JAVA;PT UNIRAMA DUTA NIAGA;PROBOLINGGO
YASIN;probolinggo2;PARDI;UDN026P00013;P00013;SANNY RATNA SARI;EAST JAVA;PT UNIRAMA DUTA NIAGA;PROBOLINGGO
YASIN;probolinggo2;RENI/AAMIRA;UDN026R00009;R00009;SANNY RATNA SARI;EAST JAVA;PT UNIRAMA DUTA NIAGA;PROBOLINGGO
YASIN;probolinggo2;RONI;UDN026R00012;R00012;SANNY RATNA SARI;EAST JAVA;PT UNIRAMA DUTA NIAGA;PROBOLINGGO
YASIN;probolinggo2;SAMSUL;UDN026S00081;S00081;SANNY RATNA SARI;EAST JAVA;PT UNIRAMA DUTA NIAGA;PROBOLINGGO
YASIN;probolinggo2;SARIP;UDN026S00047;S00047;SANNY RATNA SARI;EAST JAVA;PT UNIRAMA DUTA NIAGA;PROBOLINGGO
YASIN;probolinggo2;SUHARIA;UDN026S00128;S00128;SANNY RATNA SARI;EAST JAVA;PT UNIRAMA DUTA NIAGA;PROBOLINGGO
YASIN;probolinggo2;SUJARI;UDN026S00103;S00103;SANNY RATNA SARI;EAST JAVA;PT UNIRAMA DUTA NIAGA;PROBOLINGGO
YASIN;probolinggo2;SUNIPA;UDN026S00124;S00124;SANNY RATNA SARI;EAST JAVA;PT UNIRAMA DUTA NIAGA;PROBOLINGGO
YASIN;probolinggo2;SUROYYAH;UDN026S00112;S00112;SANNY RATNA SARI;EAST JAVA;PT UNIRAMA DUTA NIAGA;PROBOLINGGO
YASIN;probolinggo2;SURYA BABY SHOP;UDN026S00034;S00034;SANNY RATNA SARI;EAST JAVA;PT UNIRAMA DUTA NIAGA;PROBOLINGGO
YASIN;probolinggo2;TRISNO;UDN026T00027;T00027;SANNY RATNA SARI;EAST JAVA;PT UNIRAMA DUTA NIAGA;PROBOLINGGO
YASIN;probolinggo2;WARTEL AMANAH;UDN026W00023;W00023;SANNY RATNA SARI;EAST JAVA;PT UNIRAMA DUTA NIAGA;PROBOLINGGO
YASIN;probolinggo2;WIWIN AKBAR;UDN026W00027;W00027;SANNY RATNA SARI;EAST JAVA;PT UNIRAMA DUTA NIAGA;PROBOLINGGO
YASIN;probolinggo2;YULI;UDN026Y00011;Y00011;SANNY RATNA SARI;EAST JAVA;PT UNIRAMA DUTA NIAGA;PROBOLINGGO
YASIN;probolinggo2;AINI;UDN026A00051;A00051;SANNY RATNA SARI;EAST JAVA;PT UNIRAMA DUTA NIAGA;PROBOLINGGO
YASIN;probolinggo2;ANGGA MART;UDN026A00001;A00001;SANNY RATNA SARI;EAST JAVA;PT UNIRAMA DUTA NIAGA;PROBOLINGGO
YASIN;probolinggo2;ANNUR;UDN026A00020;A00020;SANNY RATNA SARI;EAST JAVA;PT UNIRAMA DUTA NIAGA;PROBOLINGGO
YASIN;probolinggo2;BALOK;UDN026B00066;B00066;SANNY RATNA SARI;EAST JAVA;PT UNIRAMA DUTA NIAGA;PROBOLINGGO
YASIN;probolinggo2;BIRU/UCIK;UDN026B00122;B00122;SANNY RATNA SARI;EAST JAVA;PT UNIRAMA DUTA NIAGA;PROBOLINGGO
YASIN;probolinggo2;CAHAYA IKA;UDN026C00021;C00021;SANNY RATNA SARI;EAST JAVA;PT UNIRAMA DUTA NIAGA;PROBOLINGGO
YASIN;probolinggo2;DEKY ARTO;UDN026D00038;D00038;SANNY RATNA SARI;EAST JAVA;PT UNIRAMA DUTA NIAGA;PROBOLINGGO
YASIN;probolinggo2;EKA JAYA;UDN026E00012;E00012;SANNY RATNA SARI;EAST JAVA;PT UNIRAMA DUTA NIAGA;PROBOLINGGO
YASIN;probolinggo2;FIZA MINIMARKET;UDN026F00001;F00001;SANNY RATNA SARI;EAST JAVA;PT UNIRAMA DUTA NIAGA;PROBOLINGGO
YASIN;probolinggo2;HAFID;UDN026H00014;H00014;SANNY RATNA SARI;EAST JAVA;PT UNIRAMA DUTA NIAGA;PROBOLINGGO
YASIN;probolinggo2;HAMDALAH;UDN026H00055;H00055;SANNY RATNA SARI;EAST JAVA;PT UNIRAMA DUTA NIAGA;PROBOLINGGO
YASIN;probolinggo2;HIDAYAH SPM;UDN026H00045;H00045;SANNY RATNA SARI;EAST JAVA;PT UNIRAMA DUTA NIAGA;PROBOLINGGO
YASIN;probolinggo2;HOBBI;UDN026H00013;H00013;SANNY RATNA SARI;EAST JAVA;PT UNIRAMA DUTA NIAGA;PROBOLINGGO
YASIN;probolinggo2;JAYA FITRI;UDN026J00031;J00031;SANNY RATNA SARI;EAST JAVA;PT UNIRAMA DUTA NIAGA;PROBOLINGGO
YASIN;probolinggo2;KURNIA;UDN026K00063;K00063;SANNY RATNA SARI;EAST JAVA;PT UNIRAMA DUTA NIAGA;PROBOLINGGO
YASIN;probolinggo2;MINI MM;UDN026M0477;M0477;SANNY RATNA SARI;EAST JAVA;PT UNIRAMA DUTA NIAGA;PROBOLINGGO
YASIN;probolinggo2;NUR;UDN026N00016;N00016;SANNY RATNA SARI;EAST JAVA;PT UNIRAMA DUTA NIAGA;PROBOLINGGO
YASIN;probolinggo2;SAROE PUTRA;UDN026S00023;S00023;SANNY RATNA SARI;EAST JAVA;PT UNIRAMA DUTA NIAGA;PROBOLINGGO
YASIN;probolinggo2;SUMBER AGUNG;UDN026S00018;S00018;SANNY RATNA SARI;EAST JAVA;PT UNIRAMA DUTA NIAGA;PROBOLINGGO
YASIN;probolinggo2;SWALAYAN AL IKHLAS;UDN026S0011;S0011;SANNY RATNA SARI;EAST JAVA;PT UNIRAMA DUTA NIAGA;PROBOLINGGO
YASIN;probolinggo2;ULFI;UDN026U00008;U00008;SANNY RATNA SARI;EAST JAVA;PT UNIRAMA DUTA NIAGA;PROBOLINGGO
YASIN;probolinggo2;WULAN JAYA;UDN026W00017;W00017;SANNY RATNA SARI;EAST JAVA;PT UNIRAMA DUTA NIAGA;PROBOLINGGO
YASIN;probolinggo2;BASMALAH TONGAS;UDN026B00111;B00111;SANNY RATNA SARI;EAST JAVA;PT UNIRAMA DUTA NIAGA;PROBOLINGGO
YASIN;probolinggo2;BROMO ASRI;UDN026B00016;B00016;SANNY RATNA SARI;EAST JAVA;PT UNIRAMA DUTA NIAGA;PROBOLINGGO
YASIN;probolinggo2;ERNIK / SUYUDI;UDN026E00006;E00006;SANNY RATNA SARI;EAST JAVA;PT UNIRAMA DUTA NIAGA;PROBOLINGGO
YASIN;probolinggo2;FIRA;UDN026F00018;F00018;SANNY RATNA SARI;EAST JAVA;PT UNIRAMA DUTA NIAGA;PROBOLINGGO
YASIN;probolinggo2;HORY;UDN026H00058;H00058;SANNY RATNA SARI;EAST JAVA;PT UNIRAMA DUTA NIAGA;PROBOLINGGO
YASIN;probolinggo2;MITRA USAHA;UDN026M00051;M00051;SANNY RATNA SARI;EAST JAVA;PT UNIRAMA DUTA NIAGA;PROBOLINGGO
YASIN;probolinggo2;MUSLEH/IIN;UDN026M00054;M00054;SANNY RATNA SARI;EAST JAVA;PT UNIRAMA DUTA NIAGA;PROBOLINGGO
YASIN;probolinggo2;NUR HAMID;UDN026N00024;N00024;SANNY RATNA SARI;EAST JAVA;PT UNIRAMA DUTA NIAGA;PROBOLINGGO
YASIN;probolinggo2;ROMLAH;UDN026R00024;R00024;SANNY RATNA SARI;EAST JAVA;PT UNIRAMA DUTA NIAGA;PROBOLINGGO
YASIN;probolinggo2;SULTON;UDN026S00077;S00077;SANNY RATNA SARI;EAST JAVA;PT UNIRAMA DUTA NIAGA;PROBOLINGGO
YASIN;probolinggo2;SUNARTO;UDN026S00114;S00114;SANNY RATNA SARI;EAST JAVA;PT UNIRAMA DUTA NIAGA;PROBOLINGGO
YASIN;probolinggo2;WATI;UDN026W0030;W0030;SANNY RATNA SARI;EAST JAVA;PT UNIRAMA DUTA NIAGA;PROBOLINGGO
YASIN;probolinggo2;BASMALAH BANYUANYAR;UDN026B00100;B00100;SANNY RATNA SARI;EAST JAVA;PT UNIRAMA DUTA NIAGA;PROBOLINGGO
YASIN;probolinggo2;BASMALAH BANYUANYAR 2;UDN026B00140;B00140;SANNY RATNA SARI;EAST JAVA;PT UNIRAMA DUTA NIAGA;PROBOLINGGO
YASIN;probolinggo2;BASMALAH MARON;UDN026B00084;B00084;SANNY RATNA SARI;EAST JAVA;PT UNIRAMA DUTA NIAGA;PROBOLINGGO
YASIN;probolinggo2;BASMALAH SENINAN;UDN026B00109;B00109;SANNY RATNA SARI;EAST JAVA;PT UNIRAMA DUTA NIAGA;PROBOLINGGO
YASIN;probolinggo2;SINAR JAYA;UDN026S00009;S00009;SANNY RATNA SARI;EAST JAVA;PT UNIRAMA DUTA NIAGA;PROBOLINGGO
YASIN;probolinggo2;ABDI SALAM;UDN026A00002;A00002;SANNY RATNA SARI;EAST JAVA;PT UNIRAMA DUTA NIAGA;PROBOLINGGO
YASIN;probolinggo2;AZKA;UDN026A00126;A00126;SANNY RATNA SARI;EAST JAVA;PT UNIRAMA DUTA NIAGA;PROBOLINGGO
YASIN;probolinggo2;BERRY;UDN026B00119;B00119;SANNY RATNA SARI;EAST JAVA;PT UNIRAMA DUTA NIAGA;PROBOLINGGO
YASIN;probolinggo2;JAYA AGUNG;UDN026J00017;J00017;SANNY RATNA SARI;EAST JAVA;PT UNIRAMA DUTA NIAGA;PROBOLINGGO
YASIN;probolinggo2;KANG SAYUR;UDN026K00057;K00057;SANNY RATNA SARI;EAST JAVA;PT UNIRAMA DUTA NIAGA;PROBOLINGGO
YASIN;probolinggo2;KOP TIRTA DARMA;UDN026K00008;K00008;SANNY RATNA SARI;EAST JAVA;PT UNIRAMA DUTA NIAGA;PROBOLINGGO
YASIN;probolinggo2;LESTARI FC;UDN026L00006;L00006;SANNY RATNA SARI;EAST JAVA;PT UNIRAMA DUTA NIAGA;PROBOLINGGO
YASIN;probolinggo2;RATNA MART;UDN026R00005;R00005;SANNY RATNA SARI;EAST JAVA;PT UNIRAMA DUTA NIAGA;PROBOLINGGO
YASIN;probolinggo2;ROTI RED BOX;UDN026R00045;R00045;SANNY RATNA SARI;EAST JAVA;PT UNIRAMA DUTA NIAGA;PROBOLINGGO
YASIN;probolinggo2;SAENODIF SNACK;UDN026S00179;S00179;SANNY RATNA SARI;EAST JAVA;PT UNIRAMA DUTA NIAGA;PROBOLINGGO
YASIN;probolinggo2;SUPARNUN;UDN026S00149;S00149;SANNY RATNA SARI;EAST JAVA;PT UNIRAMA DUTA NIAGA;PROBOLINGGO
YASIN;probolinggo2;AAA;UDN026A00055;A00055;SANNY RATNA SARI;EAST JAVA;PT UNIRAMA DUTA NIAGA;PROBOLINGGO
YASIN;probolinggo2;ABU BAKAR;UDN026A00173;A00173;SANNY RATNA SARI;EAST JAVA;PT UNIRAMA DUTA NIAGA;PROBOLINGGO
YASIN;probolinggo2;ALFAN;UDN026A00125;A00125;SANNY RATNA SARI;EAST JAVA;PT UNIRAMA DUTA NIAGA;PROBOLINGGO
YASIN;probolinggo2;DEWI;UDN026D00045;D00045;SANNY RATNA SARI;EAST JAVA;PT UNIRAMA DUTA NIAGA;PROBOLINGGO
YASIN;probolinggo2;NISABILA;UDN026N00001;N00001;SANNY RATNA SARI;EAST JAVA;PT UNIRAMA DUTA NIAGA;PROBOLINGGO
YASIN;probolinggo2;SUYITNO;UDN026S00187;S00187;SANNY RATNA SARI;EAST JAVA;PT UNIRAMA DUTA NIAGA;PROBOLINGGO
YASIN;probolinggo2;AA MAKMUR;UDN026A00108;A00108;SANNY RATNA SARI;EAST JAVA;PT UNIRAMA DUTA NIAGA;PROBOLINGGO
YASIN;probolinggo2;ABDULLAH;UDN026A00134;A00134;SANNY RATNA SARI;EAST JAVA;PT UNIRAMA DUTA NIAGA;PROBOLINGGO
YASIN;probolinggo2;AL FATH MALL;UDN026A00161;A00161;SANNY RATNA SARI;EAST JAVA;PT UNIRAMA DUTA NIAGA;PROBOLINGGO
YASIN;probolinggo2;ALHAMDULILLAH;UDN026A00059;A00059;SANNY RATNA SARI;EAST JAVA;PT UNIRAMA DUTA NIAGA;PROBOLINGGO
YASIN;probolinggo2;ALISA;UDN026A00085;A00085;SANNY RATNA SARI;EAST JAVA;PT UNIRAMA DUTA NIAGA;PROBOLINGGO
YASIN;probolinggo2;AMINAH;UDN026A00138;A00138;SANNY RATNA SARI;EAST JAVA;PT UNIRAMA DUTA NIAGA;PROBOLINGGO
YASIN;probolinggo2;ASSALAM MART MARON;UDN026A00017;A00017;SANNY RATNA SARI;EAST JAVA;PT UNIRAMA DUTA NIAGA;PROBOLINGGO
YASIN;probolinggo2;ASSALAM MART PAITON;UDN026A00086;A00086;SANNY RATNA SARI;EAST JAVA;PT UNIRAMA DUTA NIAGA;PROBOLINGGO
YASIN;probolinggo2;BAROKAH SEJATI;UDN026B00076;B00076;SANNY RATNA SARI;EAST JAVA;PT UNIRAMA DUTA NIAGA;PROBOLINGGO
YASIN;probolinggo2;BASMALAH KEDUNGSUPIT;UDN026B00135;B00135;SANNY RATNA SARI;EAST JAVA;PT UNIRAMA DUTA NIAGA;PROBOLINGGO
YASIN;probolinggo2;BINTANG EMAS;UDN026B00042;B00042;SANNY RATNA SARI;EAST JAVA;PT UNIRAMA DUTA NIAGA;PROBOLINGGO
YASIN;probolinggo2;DIAN;UDN026D00037;D00037;SANNY RATNA SARI;EAST JAVA;PT UNIRAMA DUTA NIAGA;PROBOLINGGO
YASIN;probolinggo2;DUA PUTRI;UDN026D00026;D00026;SANNY RATNA SARI;EAST JAVA;PT UNIRAMA DUTA NIAGA;PROBOLINGGO
YASIN;probolinggo2;EDI;UDN026J00009;J00009;SANNY RATNA SARI;EAST JAVA;PT UNIRAMA DUTA NIAGA;PROBOLINGGO
YASIN;probolinggo2;EDI;UDN026E00025;E00025;SANNY RATNA SARI;EAST JAVA;PT UNIRAMA DUTA NIAGA;PROBOLINGGO
YASIN;probolinggo2;FERDI;UDN026F00041;F00041;SANNY RATNA SARI;EAST JAVA;PT UNIRAMA DUTA NIAGA;PROBOLINGGO
YASIN;probolinggo2;FIDI 45;UDN026F00023;F00023;SANNY RATNA SARI;EAST JAVA;PT UNIRAMA DUTA NIAGA;PROBOLINGGO
YASIN;probolinggo2;GIRI PUTRA;UDN026G00014;G00014;SANNY RATNA SARI;EAST JAVA;PT UNIRAMA DUTA NIAGA;PROBOLINGGO
YASIN;probolinggo2;K & G;UDN026K00047;K00047;SANNY RATNA SARI;EAST JAVA;PT UNIRAMA DUTA NIAGA;PROBOLINGGO
YASIN;probolinggo2;KAMI MART;UDN026K00005;K00005;SANNY RATNA SARI;EAST JAVA;PT UNIRAMA DUTA NIAGA;PROBOLINGGO
YASIN;probolinggo2;KANTIN NAMIRA;UDN026N0680;N0680;SANNY RATNA SARI;EAST JAVA;PT UNIRAMA DUTA NIAGA;PROBOLINGGO
YASIN;probolinggo2;KOP GITA NUSANTARA SEJAHTERA;UDN026G00018;G00018;SANNY RATNA SARI;EAST JAVA;PT UNIRAMA DUTA NIAGA;PROBOLINGGO
YASIN;probolinggo2;KOPKAR 5&6;UDN026K00004;K00004;SANNY RATNA SARI;EAST JAVA;PT UNIRAMA DUTA NIAGA;PROBOLINGGO
YASIN;probolinggo2;MAIMUNAH;UDN026M00067;M00067;SANNY RATNA SARI;EAST JAVA;PT UNIRAMA DUTA NIAGA;PROBOLINGGO
YASIN;probolinggo2;MUSLEH;UDN026M00060;M00060;SANNY RATNA SARI;EAST JAVA;PT UNIRAMA DUTA NIAGA;PROBOLINGGO
YASIN;probolinggo2;NADIA;UDN026N00025;N00025;SANNY RATNA SARI;EAST JAVA;PT UNIRAMA DUTA NIAGA;PROBOLINGGO
YASIN;probolinggo2;NOOR;UDN026N00021;N00021;SANNY RATNA SARI;EAST JAVA;PT UNIRAMA DUTA NIAGA;PROBOLINGGO
YASIN;probolinggo2;POJOK;UDN026P00024;P00024;SANNY RATNA SARI;EAST JAVA;PT UNIRAMA DUTA NIAGA;PROBOLINGGO
YASIN;probolinggo2;QUEENA MART;UDN026Q00002;Q00002;SANNY RATNA SARI;EAST JAVA;PT UNIRAMA DUTA NIAGA;PROBOLINGGO
YASIN;probolinggo2;RATNA;UDN026R00055;R00055;SANNY RATNA SARI;EAST JAVA;PT UNIRAMA DUTA NIAGA;PROBOLINGGO
YASIN;probolinggo2;RINI SNACK;UDN026R0365;R0365;SANNY RATNA SARI;EAST JAVA;PT UNIRAMA DUTA NIAGA;PROBOLINGGO
YASIN;probolinggo2;RISMA;UDN026R00031;R00031;SANNY RATNA SARI;EAST JAVA;PT UNIRAMA DUTA NIAGA;PROBOLINGGO
YASIN;probolinggo2;RND BAROKAH;UDN026R00071;R00071;SANNY RATNA SARI;EAST JAVA;PT UNIRAMA DUTA NIAGA;PROBOLINGGO
YASIN;probolinggo2;RUDY HARTONO;UDN026R00075;R00075;SANNY RATNA SARI;EAST JAVA;PT UNIRAMA DUTA NIAGA;PROBOLINGGO
YASIN;probolinggo2;S3;UDN026S00131;S00131;SANNY RATNA SARI;EAST JAVA;PT UNIRAMA DUTA NIAGA;PROBOLINGGO
YASIN;probolinggo2;SAIFUL;UDN026S00151;S00151;SANNY RATNA SARI;EAST JAVA;PT UNIRAMA DUTA NIAGA;PROBOLINGGO
YASIN;probolinggo2;SEGER WARAS;UDN026S00020;S00020;SANNY RATNA SARI;EAST JAVA;PT UNIRAMA DUTA NIAGA;PROBOLINGGO
YASIN;probolinggo2;SPBU KEBON AGUNG;UDN026S00076;S00076;SANNY RATNA SARI;EAST JAVA;PT UNIRAMA DUTA NIAGA;PROBOLINGGO
YASIN;probolinggo2;SURADI;UDN026S00153;S00153;SANNY RATNA SARI;EAST JAVA;PT UNIRAMA DUTA NIAGA;PROBOLINGGO
YASIN;probolinggo2;SURYA KENCANA MM;UDN026S00051;S00051;SANNY RATNA SARI;EAST JAVA;PT UNIRAMA DUTA NIAGA;PROBOLINGGO
YASIN;probolinggo2;SYAKUR;UDN026S00159;S00159;SANNY RATNA SARI;EAST JAVA;PT UNIRAMA DUTA NIAGA;PROBOLINGGO
YASIN;probolinggo2;ALEX;UDN026A00131;A00131;SANNY RATNA SARI;EAST JAVA;PT UNIRAMA DUTA NIAGA;PROBOLINGGO
YASIN;probolinggo2;BASMALAH CLARAK;UDN026B00113;B00113;SANNY RATNA SARI;EAST JAVA;PT UNIRAMA DUTA NIAGA;PROBOLINGGO
YASIN;probolinggo2;BASMALAH JATI;UDN026B00138;B00138;SANNY RATNA SARI;EAST JAVA;PT UNIRAMA DUTA NIAGA;PROBOLINGGO
YASIN;probolinggo2;BATAVIA;UDN026B00124;B00124;SANNY RATNA SARI;EAST JAVA;PT UNIRAMA DUTA NIAGA;PROBOLINGGO
YASIN;probolinggo2;SAJI;UDN026S1557;S1557;SANNY RATNA SARI;EAST JAVA;PT UNIRAMA DUTA NIAGA;PROBOLINGGO
YASIN;probolinggo2;SITI AISYAH;UDN026S00079;S00079;SANNY RATNA SARI;EAST JAVA;PT UNIRAMA DUTA NIAGA;PROBOLINGGO
YASIN;probolinggo2;SUMBER MANIS;UDN026S00024;S00024;SANNY RATNA SARI;EAST JAVA;PT UNIRAMA DUTA NIAGA;PROBOLINGGO
YASIN;probolinggo2;SUMBER REJEKI;UDN026S00088;S00088;SANNY RATNA SARI;EAST JAVA;PT UNIRAMA DUTA NIAGA;PROBOLINGGO
YASIN;probolinggo2;AL ZEFA;UDN026A00139;A00139;SANNY RATNA SARI;EAST JAVA;PT UNIRAMA DUTA NIAGA;PROBOLINGGO
WAHYU HIDAYAT;probolinggo8;EMILIA;UDN026E00021;E00021;SANNY RATNA SARI;EAST JAVA;PT UNIRAMA DUTA NIAGA;PROBOLINGGO
WAHYU HIDAYAT;probolinggo8;GAJAH MADA;UDN026G00008;G00008;SANNY RATNA SARI;EAST JAVA;PT UNIRAMA DUTA NIAGA;PROBOLINGGO
WAHYU HIDAYAT;probolinggo8;POJOK SOSIS;UDN026P00036;P00036;SANNY RATNA SARI;EAST JAVA;PT UNIRAMA DUTA NIAGA;PROBOLINGGO
WAHYU HIDAYAT;probolinggo8;RIRIN AGEN BRILINK;UDN026R00066;R00066;SANNY RATNA SARI;EAST JAVA;PT UNIRAMA DUTA NIAGA;PROBOLINGGO
WAHYU HIDAYAT;probolinggo8;SEMBILAN SEMBILAN;UDN026S00075;S00075;SANNY RATNA SARI;EAST JAVA;PT UNIRAMA DUTA NIAGA;PROBOLINGGO
WAHYU HIDAYAT;probolinggo8;TIGA PUTRA;UDN026T00003;T00003;SANNY RATNA SARI;EAST JAVA;PT UNIRAMA DUTA NIAGA;PROBOLINGGO
WAHYU HIDAYAT;probolinggo8;WINDA SNACK;UDN026W00009;W00009;SANNY RATNA SARI;EAST JAVA;PT UNIRAMA DUTA NIAGA;PROBOLINGGO
WAHYU HIDAYAT;probolinggo8;BASMALAH CITRODIWANGSAN;UDN026B00093;B00093;SANNY RATNA SARI;EAST JAVA;PT UNIRAMA DUTA NIAGA;PROBOLINGGO
WAHYU HIDAYAT;probolinggo8;EDI SNACK;UDN026E00032;E00032;SANNY RATNA SARI;EAST JAVA;PT UNIRAMA DUTA NIAGA;PROBOLINGGO
WAHYU HIDAYAT;probolinggo8;HAMAS;UDN026H00062;H00062;SANNY RATNA SARI;EAST JAVA;PT UNIRAMA DUTA NIAGA;PROBOLINGGO
WAHYU HIDAYAT;probolinggo8;IPUNG;UDN026I00027;I00027;SANNY RATNA SARI;EAST JAVA;PT UNIRAMA DUTA NIAGA;PROBOLINGGO
WAHYU HIDAYAT;probolinggo8;LINDA;UDN026L00034;L00034;SANNY RATNA SARI;EAST JAVA;PT UNIRAMA DUTA NIAGA;PROBOLINGGO
WAHYU HIDAYAT;probolinggo8;PUSAKA;UDN026P00045;P00045;SANNY RATNA SARI;EAST JAVA;PT UNIRAMA DUTA NIAGA;PROBOLINGGO
WAHYU HIDAYAT;probolinggo8;PUSPA;UDN026P00044;P00044;SANNY RATNA SARI;EAST JAVA;PT UNIRAMA DUTA NIAGA;PROBOLINGGO
WAHYU HIDAYAT;probolinggo8;SAFIRA;UDN026S00016;S00016;SANNY RATNA SARI;EAST JAVA;PT UNIRAMA DUTA NIAGA;PROBOLINGGO
WAHYU HIDAYAT;probolinggo8;TEGAR JAYA;UDN026T00018;T00018;SANNY RATNA SARI;EAST JAVA;PT UNIRAMA DUTA NIAGA;PROBOLINGGO
WAHYU HIDAYAT;probolinggo8;UNTUNG;UDN026U00009;U00009;SANNY RATNA SARI;EAST JAVA;PT UNIRAMA DUTA NIAGA;PROBOLINGGO
WAHYU HIDAYAT;probolinggo8;ABADI;UDN026A00105;A00105;SANNY RATNA SARI;EAST JAVA;PT UNIRAMA DUTA NIAGA;PROBOLINGGO
WAHYU HIDAYAT;probolinggo8;AFIF;UDN026A00098;A00098;SANNY RATNA SARI;EAST JAVA;PT UNIRAMA DUTA NIAGA;PROBOLINGGO
WAHYU HIDAYAT;probolinggo8;AL FURQON;UDN026A00155;A00155;SANNY RATNA SARI;EAST JAVA;PT UNIRAMA DUTA NIAGA;PROBOLINGGO
WAHYU HIDAYAT;probolinggo8;AL HABIBI;UDN026A00116;A00116;SANNY RATNA SARI;EAST JAVA;PT UNIRAMA DUTA NIAGA;PROBOLINGGO
WAHYU HIDAYAT;probolinggo8;AL IKHWAN;UDN026A00060;A00060;SANNY RATNA SARI;EAST JAVA;PT UNIRAMA DUTA NIAGA;PROBOLINGGO
WAHYU HIDAYAT;probolinggo8;ARIF BUDIHARJO;UDN026G00004;G00004;SANNY RATNA SARI;EAST JAVA;PT UNIRAMA DUTA NIAGA;PROBOLINGGO
WAHYU HIDAYAT;probolinggo8;BAKSO SABAR;UDN026B00065;B00065;SANNY RATNA SARI;EAST JAVA;PT UNIRAMA DUTA NIAGA;PROBOLINGGO
WAHYU HIDAYAT;probolinggo8;BASMALAH MUNDER;UDN026B00034;B00034;SANNY RATNA SARI;EAST JAVA;PT UNIRAMA DUTA NIAGA;PROBOLINGGO
WAHYU HIDAYAT;probolinggo8;BASMALAH YOSOWILANGUN;UDN026B00022;B00022;SANNY RATNA SARI;EAST JAVA;PT UNIRAMA DUTA NIAGA;PROBOLINGGO
WAHYU HIDAYAT;probolinggo8;DAVID LESMANA SALIM;UDN026G00003;G00003;SANNY RATNA SARI;EAST JAVA;PT UNIRAMA DUTA NIAGA;PROBOLINGGO
WAHYU HIDAYAT;probolinggo8;FAISOL;UDN026F00038;F00038;SANNY RATNA SARI;EAST JAVA;PT UNIRAMA DUTA NIAGA;PROBOLINGGO
WAHYU HIDAYAT;probolinggo8;FAZAZI;UDN026F00028;F00028;SANNY RATNA SARI;EAST JAVA;PT UNIRAMA DUTA NIAGA;PROBOLINGGO
WAHYU HIDAYAT;probolinggo8;FIROH;UDN026F00031;F00031;SANNY RATNA SARI;EAST JAVA;PT UNIRAMA DUTA NIAGA;PROBOLINGGO
WAHYU HIDAYAT;probolinggo8;INDAH SNACK;UDN026I00034;I00034;SANNY RATNA SARI;EAST JAVA;PT UNIRAMA DUTA NIAGA;PROBOLINGGO
WAHYU HIDAYAT;probolinggo8;JUMADI;UDN026J00021;J00021;SANNY RATNA SARI;EAST JAVA;PT UNIRAMA DUTA NIAGA;PROBOLINGGO
WAHYU HIDAYAT;probolinggo8;KADIR;UDN026K00033;K00033;SANNY RATNA SARI;EAST JAVA;PT UNIRAMA DUTA NIAGA;PROBOLINGGO
WAHYU HIDAYAT;probolinggo8;KKMT;UDN026K00070;K00070;SANNY RATNA SARI;EAST JAVA;PT UNIRAMA DUTA NIAGA;PROBOLINGGO
WAHYU HIDAYAT;probolinggo8;KOP ISTIFADAH;UDN026K00067;K00067;SANNY RATNA SARI;EAST JAVA;PT UNIRAMA DUTA NIAGA;PROBOLINGGO
WAHYU HIDAYAT;probolinggo8;LIBEL;UDN026L00033;L00033;SANNY RATNA SARI;EAST JAVA;PT UNIRAMA DUTA NIAGA;PROBOLINGGO
WAHYU HIDAYAT;probolinggo8;MEGA JAYA MM;UDN026M00003;M00003;SANNY RATNA SARI;EAST JAVA;PT UNIRAMA DUTA NIAGA;PROBOLINGGO
WAHYU HIDAYAT;probolinggo8;MORODADI;UDN026M00105;M00105;SANNY RATNA SARI;EAST JAVA;PT UNIRAMA DUTA NIAGA;PROBOLINGGO
WAHYU HIDAYAT;probolinggo8;MUIS;UDN026M00042;M00042;SANNY RATNA SARI;EAST JAVA;PT UNIRAMA DUTA NIAGA;PROBOLINGGO
WAHYU HIDAYAT;probolinggo8;PLJ MART 2;UDN026P00047;P00047;SANNY RATNA SARI;EAST JAVA;PT UNIRAMA DUTA NIAGA;PROBOLINGGO
WAHYU HIDAYAT;probolinggo8;POJOK ANDIK;UDN026P00031;P00031;SANNY RATNA SARI;EAST JAVA;PT UNIRAMA DUTA NIAGA;PROBOLINGGO
WAHYU HIDAYAT;probolinggo8;SAS MART;UDN026S00173;S00173;SANNY RATNA SARI;EAST JAVA;PT UNIRAMA DUTA NIAGA;PROBOLINGGO
WAHYU HIDAYAT;probolinggo8;SENA;UDN026S00011;S00011;SANNY RATNA SARI;EAST JAVA;PT UNIRAMA DUTA NIAGA;PROBOLINGGO
WAHYU HIDAYAT;probolinggo8;SMESCO MART;UDN026S00132;S00132;SANNY RATNA SARI;EAST JAVA;PT UNIRAMA DUTA NIAGA;PROBOLINGGO
WAHYU HIDAYAT;probolinggo8;SMESCO MINI PUTRI;UDN026S00136;S00136;SANNY RATNA SARI;EAST JAVA;PT UNIRAMA DUTA NIAGA;PROBOLINGGO
WAHYU HIDAYAT;probolinggo8;SUMBER MM;UDN026S00017;S00017;SANNY RATNA SARI;EAST JAVA;PT UNIRAMA DUTA NIAGA;PROBOLINGGO
WAHYU HIDAYAT;probolinggo8;SUMBER REJEKI;UDN026S00170;S00170;SANNY RATNA SARI;EAST JAVA;PT UNIRAMA DUTA NIAGA;PROBOLINGGO
WAHYU HIDAYAT;probolinggo8;TRI SUKSES;UDN026T00022;T00022;SANNY RATNA SARI;EAST JAVA;PT UNIRAMA DUTA NIAGA;PROBOLINGGO
WAHYU HIDAYAT;probolinggo8;TRI/HENDRIK;UDN026T00011;T00011;SANNY RATNA SARI;EAST JAVA;PT UNIRAMA DUTA NIAGA;PROBOLINGGO
WAHYU HIDAYAT;probolinggo8;AGEN SOSIS PAL 10;UDN026A00160;A00160;SANNY RATNA SARI;EAST JAVA;PT UNIRAMA DUTA NIAGA;PROBOLINGGO
WAHYU HIDAYAT;probolinggo8;BASMALAH LABRUK;UDN026B00110;B00110;SANNY RATNA SARI;EAST JAVA;PT UNIRAMA DUTA NIAGA;PROBOLINGGO
WAHYU HIDAYAT;probolinggo8;BASMALAH TEMPEH;UDN026B00030;B00030;SANNY RATNA SARI;EAST JAVA;PT UNIRAMA DUTA NIAGA;PROBOLINGGO
WAHYU HIDAYAT;probolinggo8;EN MART;UDN026E00027;E00027;SANNY RATNA SARI;EAST JAVA;PT UNIRAMA DUTA NIAGA;PROBOLINGGO
WAHYU HIDAYAT;probolinggo8;FITRI CELL;UDN026F00047;F00047;SANNY RATNA SARI;EAST JAVA;PT UNIRAMA DUTA NIAGA;PROBOLINGGO
WAHYU HIDAYAT;probolinggo8;HAMBALI;UDN026H00026;H00026;SANNY RATNA SARI;EAST JAVA;PT UNIRAMA DUTA NIAGA;PROBOLINGGO
WAHYU HIDAYAT;probolinggo8;HARTONO SNACK;UDN026H00056;H00056;SANNY RATNA SARI;EAST JAVA;PT UNIRAMA DUTA NIAGA;PROBOLINGGO
WAHYU HIDAYAT;probolinggo8;JEMBAR/BISRI;UDN026J00014;J00014;SANNY RATNA SARI;EAST JAVA;PT UNIRAMA DUTA NIAGA;PROBOLINGGO
WAHYU HIDAYAT;probolinggo8;LUMINTU MOI;UDN026J00016;J00016;SANNY RATNA SARI;EAST JAVA;PT UNIRAMA DUTA NIAGA;PROBOLINGGO
WAHYU HIDAYAT;probolinggo8;MOIS;UDN026M00076;M00076;SANNY RATNA SARI;EAST JAVA;PT UNIRAMA DUTA NIAGA;PROBOLINGGO
WAHYU HIDAYAT;probolinggo8;NEKAT JAYA SNACK;UDN026N00045;N00045;SANNY RATNA SARI;EAST JAVA;PT UNIRAMA DUTA NIAGA;PROBOLINGGO
WAHYU HIDAYAT;probolinggo8;RIA JAYA;UDN026R00026;R00026;SANNY RATNA SARI;EAST JAVA;PT UNIRAMA DUTA NIAGA;PROBOLINGGO
WAHYU HIDAYAT;probolinggo8;RZ FRUIT FROZEN;UDN026R00069;R00069;SANNY RATNA SARI;EAST JAVA;PT UNIRAMA DUTA NIAGA;PROBOLINGGO
WAHYU HIDAYAT;probolinggo8;SHOJA;UDN026W00022;W00022;SANNY RATNA SARI;EAST JAVA;PT UNIRAMA DUTA NIAGA;PROBOLINGGO
WAHYU HIDAYAT;probolinggo8;SUMBER REJEKI;UDN026S00144;S00144;SANNY RATNA SARI;EAST JAVA;PT UNIRAMA DUTA NIAGA;PROBOLINGGO
WAHYU HIDAYAT;probolinggo8;AFDOL;UDN026A00089;A00089;SANNY RATNA SARI;EAST JAVA;PT UNIRAMA DUTA NIAGA;PROBOLINGGO
WAHYU HIDAYAT;probolinggo8;AISYAH;UDN026A00152;A00152;SANNY RATNA SARI;EAST JAVA;PT UNIRAMA DUTA NIAGA;PROBOLINGGO
WAHYU HIDAYAT;probolinggo8;AL JUN MART;UDN026A00121;A00121;SANNY RATNA SARI;EAST JAVA;PT UNIRAMA DUTA NIAGA;PROBOLINGGO
WAHYU HIDAYAT;probolinggo8;AMINAH FC;UDN026A00129;A00129;SANNY RATNA SARI;EAST JAVA;PT UNIRAMA DUTA NIAGA;PROBOLINGGO
WAHYU HIDAYAT;probolinggo8;AMINAH MART;UDN026A00149;A00149;SANNY RATNA SARI;EAST JAVA;PT UNIRAMA DUTA NIAGA;PROBOLINGGO
WAHYU HIDAYAT;probolinggo8;ANITA MART;UDN026A00025;A00025;SANNY RATNA SARI;EAST JAVA;PT UNIRAMA DUTA NIAGA;PROBOLINGGO
WAHYU HIDAYAT;probolinggo8;BASMALAH GRENJENG;UDN026B00090;B00090;SANNY RATNA SARI;EAST JAVA;PT UNIRAMA DUTA NIAGA;PROBOLINGGO
WAHYU HIDAYAT;probolinggo8;BASMALAH SENDURO;UDN026B00097;B00097;SANNY RATNA SARI;EAST JAVA;PT UNIRAMA DUTA NIAGA;PROBOLINGGO
WAHYU HIDAYAT;probolinggo8;CHOTIMAH;UDN026K00022;K00022;SANNY RATNA SARI;EAST JAVA;PT UNIRAMA DUTA NIAGA;PROBOLINGGO
WAHYU HIDAYAT;probolinggo8;CU;UDN026C00011;C00011;SANNY RATNA SARI;EAST JAVA;PT UNIRAMA DUTA NIAGA;PROBOLINGGO
WAHYU HIDAYAT;probolinggo8;CV.SINAR TERANG;UDN026S00119;S00119;SANNY RATNA SARI;EAST JAVA;PT UNIRAMA DUTA NIAGA;PROBOLINGGO
WAHYU HIDAYAT;probolinggo8;CV.SUMBER BARU TOSERBA;UDN026S00014;S00014;SANNY RATNA SARI;EAST JAVA;PT UNIRAMA DUTA NIAGA;PROBOLINGGO
WAHYU HIDAYAT;probolinggo8;ERNA;UDN026E00028;E00028;SANNY RATNA SARI;EAST JAVA;PT UNIRAMA DUTA NIAGA;PROBOLINGGO
WAHYU HIDAYAT;probolinggo8;FIGIT MART;UDN026F00026;F00026;SANNY RATNA SARI;EAST JAVA;PT UNIRAMA DUTA NIAGA;PROBOLINGGO
WAHYU HIDAYAT;probolinggo8;HARTONO;UDN026H00012;H00012;SANNY RATNA SARI;EAST JAVA;PT UNIRAMA DUTA NIAGA;PROBOLINGGO
WAHYU HIDAYAT;probolinggo8;ISTANA MAS / HJ LALAK;UDN026L00018;L00018;SANNY RATNA SARI;EAST JAVA;PT UNIRAMA DUTA NIAGA;PROBOLINGGO
WAHYU HIDAYAT;probolinggo8;KU;UDN026K00028;K00028;SANNY RATNA SARI;EAST JAVA;PT UNIRAMA DUTA NIAGA;PROBOLINGGO
WAHYU HIDAYAT;probolinggo8;LANCAR ABADI SNACK;UDN026L00009;L00009;SANNY RATNA SARI;EAST JAVA;PT UNIRAMA DUTA NIAGA;PROBOLINGGO
WAHYU HIDAYAT;probolinggo8;LARISA;UDN026L00025;L00025;SANNY RATNA SARI;EAST JAVA;PT UNIRAMA DUTA NIAGA;PROBOLINGGO
WAHYU HIDAYAT;probolinggo8;MADINAH 2;UDN026M00053;M00053;SANNY RATNA SARI;EAST JAVA;PT UNIRAMA DUTA NIAGA;PROBOLINGGO
WAHYU HIDAYAT;probolinggo8;MANDIRI;UDN026M00012;M00012;SANNY RATNA SARI;EAST JAVA;PT UNIRAMA DUTA NIAGA;PROBOLINGGO
WAHYU HIDAYAT;probolinggo8;MELANI;UDN026M00005;M00005;SANNY RATNA SARI;EAST JAVA;PT UNIRAMA DUTA NIAGA;PROBOLINGGO
WAHYU HIDAYAT;probolinggo8;NUSANTARA;UDN026N00047;N00047;SANNY RATNA SARI;EAST JAVA;PT UNIRAMA DUTA NIAGA;PROBOLINGGO
WAHYU HIDAYAT;probolinggo8;NYONYA MENER;UDN026N00031;N00031;SANNY RATNA SARI;EAST JAVA;PT UNIRAMA DUTA NIAGA;PROBOLINGGO
WAHYU HIDAYAT;probolinggo8;RISKUNA;UDN026R00014;R00014;SANNY RATNA SARI;EAST JAVA;PT UNIRAMA DUTA NIAGA;PROBOLINGGO
WAHYU HIDAYAT;probolinggo8;RN ANUGRAH;UDN026A00169;A00169;SANNY RATNA SARI;EAST JAVA;PT UNIRAMA DUTA NIAGA;PROBOLINGGO
WAHYU HIDAYAT;probolinggo8;SAKINAH;UDN026S00184;S00184;SANNY RATNA SARI;EAST JAVA;PT UNIRAMA DUTA NIAGA;PROBOLINGGO
WAHYU HIDAYAT;probolinggo8;SEHARI;UDN026S00029;S00029;SANNY RATNA SARI;EAST JAVA;PT UNIRAMA DUTA NIAGA;PROBOLINGGO
WAHYU HIDAYAT;probolinggo8;SLAMET;UDN026S00169;S00169;SANNY RATNA SARI;EAST JAVA;PT UNIRAMA DUTA NIAGA;PROBOLINGGO
WAHYU HIDAYAT;probolinggo8;S-MART;UDN026S2691;S2691;SANNY RATNA SARI;EAST JAVA;PT UNIRAMA DUTA NIAGA;PROBOLINGGO
WAHYU HIDAYAT;probolinggo8;SUMBER MAKMUR;UDN026S00073;S00073;SANNY RATNA SARI;EAST JAVA;PT UNIRAMA DUTA NIAGA;PROBOLINGGO
WAHYU HIDAYAT;probolinggo8;SURYA KUSUMA;UDN026S00235;S00235;SANNY RATNA SARI;EAST JAVA;PT UNIRAMA DUTA NIAGA;PROBOLINGGO
WAHYU HIDAYAT;probolinggo8;SUSIANAH;UDN026S00180;S00180;SANNY RATNA SARI;EAST JAVA;PT UNIRAMA DUTA NIAGA;PROBOLINGGO
WAHYU HIDAYAT;probolinggo8;SUTOYO MART;UDN026S00161;S00161;SANNY RATNA SARI;EAST JAVA;PT UNIRAMA DUTA NIAGA;PROBOLINGGO
WAHYU HIDAYAT;probolinggo8;TIANA;UDN026T00038;T00038;SANNY RATNA SARI;EAST JAVA;PT UNIRAMA DUTA NIAGA;PROBOLINGGO
WAHYU HIDAYAT;probolinggo8;TITA MART;UDN026T00007;T00007;SANNY RATNA SARI;EAST JAVA;PT UNIRAMA DUTA NIAGA;PROBOLINGGO
WAHYU HIDAYAT;probolinggo8;WATI;UDN026W00007;W00007;SANNY RATNA SARI;EAST JAVA;PT UNIRAMA DUTA NIAGA;PROBOLINGGO
WAHYU HIDAYAT;probolinggo8;WINI MART;UDN026W00025;W00025;SANNY RATNA SARI;EAST JAVA;PT UNIRAMA DUTA NIAGA;PROBOLINGGO
WAHYU HIDAYAT;probolinggo8;WIWIK B;UDN026W00029;W00029;SANNY RATNA SARI;EAST JAVA;PT UNIRAMA DUTA NIAGA;PROBOLINGGO
WAHYU HIDAYAT;probolinggo8;ABADI BARU;UDN026A00094;A00094;SANNY RATNA SARI;EAST JAVA;PT UNIRAMA DUTA NIAGA;PROBOLINGGO
WAHYU HIDAYAT;probolinggo8;ALAM RAYA;UDN026A00050;A00050;SANNY RATNA SARI;EAST JAVA;PT UNIRAMA DUTA NIAGA;PROBOLINGGO
WAHYU HIDAYAT;probolinggo8;AMIRA 2 FOTO COPY;UDN026A00165;A00165;SANNY RATNA SARI;EAST JAVA;PT UNIRAMA DUTA NIAGA;PROBOLINGGO
WAHYU HIDAYAT;probolinggo8;ASY MART;UDN026A00115;A00115;SANNY RATNA SARI;EAST JAVA;PT UNIRAMA DUTA NIAGA;PROBOLINGGO
WAHYU HIDAYAT;probolinggo8;BAFAQIH;UDN026B00050;B00050;SANNY RATNA SARI;EAST JAVA;PT UNIRAMA DUTA NIAGA;PROBOLINGGO
WAHYU HIDAYAT;probolinggo8;BASMALAH KLAKAH 1;UDN026B00073;B00073;SANNY RATNA SARI;EAST JAVA;PT UNIRAMA DUTA NIAGA;PROBOLINGGO
WAHYU HIDAYAT;probolinggo8;BASMALAH KLAKAH 2;UDN026B00106;B00106;SANNY RATNA SARI;EAST JAVA;PT UNIRAMA DUTA NIAGA;PROBOLINGGO
WAHYU HIDAYAT;probolinggo8;BASMALAH SUWANDAK;UDN026B00134;B00134;SANNY RATNA SARI;EAST JAVA;PT UNIRAMA DUTA NIAGA;PROBOLINGGO
WAHYU HIDAYAT;probolinggo8;BAZAR MM;UDN026B00012;B00012;SANNY RATNA SARI;EAST JAVA;PT UNIRAMA DUTA NIAGA;PROBOLINGGO
WAHYU HIDAYAT;probolinggo8;BIRU;UDN026B00039;B00039;SANNY RATNA SARI;EAST JAVA;PT UNIRAMA DUTA NIAGA;PROBOLINGGO
WAHYU HIDAYAT;probolinggo8;BUAH HATI;UDN026B00115;B00115;SANNY RATNA SARI;EAST JAVA;PT UNIRAMA DUTA NIAGA;PROBOLINGGO
WAHYU HIDAYAT;probolinggo8;CAHAYA / H DOFIR;UDN026C00015;C00015;SANNY RATNA SARI;EAST JAVA;PT UNIRAMA DUTA NIAGA;PROBOLINGGO
WAHYU HIDAYAT;probolinggo8;CAHAYA BARU;UDN026C00001;C00001;SANNY RATNA SARI;EAST JAVA;PT UNIRAMA DUTA NIAGA;PROBOLINGGO
WAHYU HIDAYAT;probolinggo8;CV KUDA LAUT MAS;UDN026C00016;C00016;SANNY RATNA SARI;EAST JAVA;PT UNIRAMA DUTA NIAGA;PROBOLINGGO
WAHYU HIDAYAT;probolinggo8;CV.PRIMA SUSU;UDN026P00035;P00035;SANNY RATNA SARI;EAST JAVA;PT UNIRAMA DUTA NIAGA;PROBOLINGGO
WAHYU HIDAYAT;probolinggo8;DENIN JAYA;UDN026D00032;D00032;SANNY RATNA SARI;EAST JAVA;PT UNIRAMA DUTA NIAGA;PROBOLINGGO
WAHYU HIDAYAT;probolinggo8;DWI AGEN SNACK;UDN026D00039;D00039;SANNY RATNA SARI;EAST JAVA;PT UNIRAMA DUTA NIAGA;PROBOLINGGO
WAHYU HIDAYAT;probolinggo8;DZAFIA;UDN026D00044;D00044;SANNY RATNA SARI;EAST JAVA;PT UNIRAMA DUTA NIAGA;PROBOLINGGO
WAHYU HIDAYAT;probolinggo8;FAZA;UDN026F00010;F00010;SANNY RATNA SARI;EAST JAVA;PT UNIRAMA DUTA NIAGA;PROBOLINGGO
WAHYU HIDAYAT;probolinggo8;FIRDAUS / DIAN SNACK;UDN026F00008;F00008;SANNY RATNA SARI;EAST JAVA;PT UNIRAMA DUTA NIAGA;PROBOLINGGO
WAHYU HIDAYAT;probolinggo8;FR;UDN026F00046;F00046;SANNY RATNA SARI;EAST JAVA;PT UNIRAMA DUTA NIAGA;PROBOLINGGO
WAHYU HIDAYAT;probolinggo8;HAMID SNACK;UDN026H00011;H00011;SANNY RATNA SARI;EAST JAVA;PT UNIRAMA DUTA NIAGA;PROBOLINGGO
WAHYU HIDAYAT;probolinggo8;HARD ROCK SNACK;UDN026H00049;H00049;SANNY RATNA SARI;EAST JAVA;PT UNIRAMA DUTA NIAGA;PROBOLINGGO
WAHYU HIDAYAT;probolinggo8;ISMAIL / A-11;UDN026I00026;I00026;SANNY RATNA SARI;EAST JAVA;PT UNIRAMA DUTA NIAGA;PROBOLINGGO
WAHYU HIDAYAT;probolinggo8;JAYA MANDIRI;UDN026J00010;J00010;SANNY RATNA SARI;EAST JAVA;PT UNIRAMA DUTA NIAGA;PROBOLINGGO
WAHYU HIDAYAT;probolinggo8;JAYUS;UDN026J00015;J00015;SANNY RATNA SARI;EAST JAVA;PT UNIRAMA DUTA NIAGA;PROBOLINGGO
WAHYU HIDAYAT;probolinggo8;KOP AL-IKHLAS;UDN026A0469;A0469;SANNY RATNA SARI;EAST JAVA;PT UNIRAMA DUTA NIAGA;PROBOLINGGO
WAHYU HIDAYAT;probolinggo8;KOP KODIM;UDN026K00039;K00039;SANNY RATNA SARI;EAST JAVA;PT UNIRAMA DUTA NIAGA;PROBOLINGGO
WAHYU HIDAYAT;probolinggo8;KOP PONPES MASYITAH;UDN026P00039;P00039;SANNY RATNA SARI;EAST JAVA;PT UNIRAMA DUTA NIAGA;PROBOLINGGO
WAHYU HIDAYAT;probolinggo8;KOP PRIMKOPOL;UDN026P0089;P0089;SANNY RATNA SARI;EAST JAVA;PT UNIRAMA DUTA NIAGA;PROBOLINGGO
WAHYU HIDAYAT;probolinggo8;KOP RS ISLAM;UDN026K00034;K00034;SANNY RATNA SARI;EAST JAVA;PT UNIRAMA DUTA NIAGA;PROBOLINGGO
WAHYU HIDAYAT;probolinggo8;KPRI GANESHA;UDN026G00019;G00019;SANNY RATNA SARI;EAST JAVA;PT UNIRAMA DUTA NIAGA;PROBOLINGGO
WAHYU HIDAYAT;probolinggo8;KPRI SEJAHTERA;UDN026K00052;K00052;SANNY RATNA SARI;EAST JAVA;PT UNIRAMA DUTA NIAGA;PROBOLINGGO
WAHYU HIDAYAT;probolinggo8;LANCAR JAYA;UDN026L00035;L00035;SANNY RATNA SARI;EAST JAVA;PT UNIRAMA DUTA NIAGA;PROBOLINGGO
WAHYU HIDAYAT;probolinggo8;NENY;UDN026N00034;N00034;SANNY RATNA SARI;EAST JAVA;PT UNIRAMA DUTA NIAGA;PROBOLINGGO
WAHYU HIDAYAT;probolinggo8;NURI SNACK;UDN026N00042;N00042;SANNY RATNA SARI;EAST JAVA;PT UNIRAMA DUTA NIAGA;PROBOLINGGO
WAHYU HIDAYAT;probolinggo8;PAS;UDN026P00021;P00021;SANNY RATNA SARI;EAST JAVA;PT UNIRAMA DUTA NIAGA;PROBOLINGGO
WAHYU HIDAYAT;probolinggo8;PODO LANCAR;UDN026P00040;P00040;SANNY RATNA SARI;EAST JAVA;PT UNIRAMA DUTA NIAGA;PROBOLINGGO
WAHYU HIDAYAT;probolinggo8;POJOK;UDN026P00008;P00008;SANNY RATNA SARI;EAST JAVA;PT UNIRAMA DUTA NIAGA;PROBOLINGGO
WAHYU HIDAYAT;probolinggo8;PONPES MASYITAH;UDN026P00039;P00039;SANNY RATNA SARI;EAST JAVA;PT UNIRAMA DUTA NIAGA;PROBOLINGGO
WAHYU HIDAYAT;probolinggo8;PUTRA JAYA;UDN026P00016;P00016;SANNY RATNA SARI;EAST JAVA;PT UNIRAMA DUTA NIAGA;PROBOLINGGO
WAHYU HIDAYAT;probolinggo8;RIRIN;UDN026R00025;R00025;SANNY RATNA SARI;EAST JAVA;PT UNIRAMA DUTA NIAGA;PROBOLINGGO
WAHYU HIDAYAT;probolinggo8;RN ANUGRAH 2;UDN026R00074;R00074;SANNY RATNA SARI;EAST JAVA;PT UNIRAMA DUTA NIAGA;PROBOLINGGO
WAHYU HIDAYAT;probolinggo8;SAMPURNO;UDN026S00068;S00068;SANNY RATNA SARI;EAST JAVA;PT UNIRAMA DUTA NIAGA;PROBOLINGGO
WAHYU HIDAYAT;probolinggo8;SINAR SENTOSA;UDN026S00117;S00117;SANNY RATNA SARI;EAST JAVA;PT UNIRAMA DUTA NIAGA;PROBOLINGGO
WAHYU HIDAYAT;probolinggo8;SMS;UDN026S00032;S00032;SANNY RATNA SARI;EAST JAVA;PT UNIRAMA DUTA NIAGA;PROBOLINGGO
WAHYU HIDAYAT;probolinggo8;SUNDARI SNACK;UDN026S00035;S00035;SANNY RATNA SARI;EAST JAVA;PT UNIRAMA DUTA NIAGA;PROBOLINGGO
WAHYU HIDAYAT;probolinggo8;SYIRKAH AMANAH;UDN026S1025;S1025;SANNY RATNA SARI;EAST JAVA;PT UNIRAMA DUTA NIAGA;PROBOLINGGO
WAHYU HIDAYAT;probolinggo8;TAUFIK;UDN026T00025;T00025;SANNY RATNA SARI;EAST JAVA;PT UNIRAMA DUTA NIAGA;PROBOLINGGO
WAHYU HIDAYAT;probolinggo8;VENUS;UDN026V00016;V00016;SANNY RATNA SARI;EAST JAVA;PT UNIRAMA DUTA NIAGA;PROBOLINGGO
WAHYU HIDAYAT;probolinggo8;VETERAN JAYA;UDN026V00009;V00009;SANNY RATNA SARI;EAST JAVA;PT UNIRAMA DUTA NIAGA;PROBOLINGGO
WAHYU HIDAYAT;probolinggo8;V-KAY TOSERBA MM;UDN026V00002;V00002;SANNY RATNA SARI;EAST JAVA;PT UNIRAMA DUTA NIAGA;PROBOLINGGO
WAHYU HIDAYAT;probolinggo8;YIYIN SNACK;UDN026Y00003;Y00003;SANNY RATNA SARI;EAST JAVA;PT UNIRAMA DUTA NIAGA;PROBOLINGGO
WAHYU HIDAYAT;probolinggo8;VIRGO;UDN026V00013;V00013;SANNY RATNA SARI;EAST JAVA;PT UNIRAMA DUTA NIAGA;PROBOLINGGO
WAHYU HIDAYAT;probolinggo8;AA MART;UDN026A00005;A00005;SANNY RATNA SARI;EAST JAVA;PT UNIRAMA DUTA NIAGA;PROBOLINGGO
WAHYU HIDAYAT;probolinggo8;AMELIA;UDN026A00096;A00096;SANNY RATNA SARI;EAST JAVA;PT UNIRAMA DUTA NIAGA;PROBOLINGGO
WAHYU HIDAYAT;probolinggo8;BASMALAH JATIGONO;UDN026B00089;B00089;SANNY RATNA SARI;EAST JAVA;PT UNIRAMA DUTA NIAGA;PROBOLINGGO
WAHYU HIDAYAT;probolinggo8;BASMALAH SUKOSARI;UDN026B00033;B00033;SANNY RATNA SARI;EAST JAVA;PT UNIRAMA DUTA NIAGA;PROBOLINGGO
WAHYU HIDAYAT;probolinggo8;EKA JAYA;UDN026E00016;E00016;SANNY RATNA SARI;EAST JAVA;PT UNIRAMA DUTA NIAGA;PROBOLINGGO
WAHYU HIDAYAT;probolinggo8;ELINA MART;UDN026E00031;E00031;SANNY RATNA SARI;EAST JAVA;PT UNIRAMA DUTA NIAGA;PROBOLINGGO
WAHYU HIDAYAT;probolinggo8;FAUZAN;UDN026F00027;F00027;SANNY RATNA SARI;EAST JAVA;PT UNIRAMA DUTA NIAGA;PROBOLINGGO
WAHYU HIDAYAT;probolinggo8;HIDAYAH;UDN026H00050;H00050;SANNY RATNA SARI;EAST JAVA;PT UNIRAMA DUTA NIAGA;PROBOLINGGO
WAHYU HIDAYAT;probolinggo8;INDO SMART;UDN026I00024;I00024;SANNY RATNA SARI;EAST JAVA;PT UNIRAMA DUTA NIAGA;PROBOLINGGO
WAHYU HIDAYAT;probolinggo8;JAMU JAGO / MONALISA;UDN026M00063;M00063;SANNY RATNA SARI;EAST JAVA;PT UNIRAMA DUTA NIAGA;PROBOLINGGO
WAHYU HIDAYAT;probolinggo8;KPRI DWIJA MUKTI;UDN026K00027;K00027;SANNY RATNA SARI;EAST JAVA;PT UNIRAMA DUTA NIAGA;PROBOLINGGO
WAHYU HIDAYAT;probolinggo8;MADINAH MART;UDN026M00072;M00072;SANNY RATNA SARI;EAST JAVA;PT UNIRAMA DUTA NIAGA;PROBOLINGGO
WAHYU HIDAYAT;probolinggo8;MAHFUD;UDN026M00059;M00059;SANNY RATNA SARI;EAST JAVA;PT UNIRAMA DUTA NIAGA;PROBOLINGGO
WAHYU HIDAYAT;probolinggo8;MAJU JAYA;UDN026M00009;M00009;SANNY RATNA SARI;EAST JAVA;PT UNIRAMA DUTA NIAGA;PROBOLINGGO
WAHYU HIDAYAT;probolinggo8;MASWA;UDN026M00015;M00015;SANNY RATNA SARI;EAST JAVA;PT UNIRAMA DUTA NIAGA;PROBOLINGGO
WAHYU HIDAYAT;probolinggo8;NABILA;UDN026N00013;N00013;SANNY RATNA SARI;EAST JAVA;PT UNIRAMA DUTA NIAGA;PROBOLINGGO
WAHYU HIDAYAT;probolinggo8;NICO KIDS;UDN026N00004;N00004;SANNY RATNA SARI;EAST JAVA;PT UNIRAMA DUTA NIAGA;PROBOLINGGO
WAHYU HIDAYAT;probolinggo8;POJOK JOYO;UDN026P00007;P00007;SANNY RATNA SARI;EAST JAVA;PT UNIRAMA DUTA NIAGA;PROBOLINGGO
WAHYU HIDAYAT;probolinggo8;SALSABILAH SNACK;UDN026S00167;S00167;SANNY RATNA SARI;EAST JAVA;PT UNIRAMA DUTA NIAGA;PROBOLINGGO
WAHYU HIDAYAT;probolinggo8;SUMBER MAKMUR;UDN026S00105;S00105;SANNY RATNA SARI;EAST JAVA;PT UNIRAMA DUTA NIAGA;PROBOLINGGO
WAHYU HIDAYAT;probolinggo8;SUYUD;UDN026S00156;S00156;SANNY RATNA SARI;EAST JAVA;PT UNIRAMA DUTA NIAGA;PROBOLINGGO
WAHYU HIDAYAT;probolinggo8;U MART;UDN026U0220;U0220;SANNY RATNA SARI;EAST JAVA;PT UNIRAMA DUTA NIAGA;PROBOLINGGO
WAHYU HIDAYAT;probolinggo8;WIDI BARU;UDN026W00016;W00016;SANNY RATNA SARI;EAST JAVA;PT UNIRAMA DUTA NIAGA;PROBOLINGGO
WAHYU HIDAYAT;probolinggo8;WILDAN SNACK;UDN026W00030;W00030;SANNY RATNA SARI;EAST JAVA;PT UNIRAMA DUTA NIAGA;PROBOLINGGO
WAHYU HIDAYAT;probolinggo8;ZAHRA;UDN026Z00003;Z00003;SANNY RATNA SARI;EAST JAVA;PT UNIRAMA DUTA NIAGA;PROBOLINGGO
WAHYU HIDAYAT;probolinggo8;ANEKA JAYA;UDN026A00170;A00170;SANNY RATNA SARI;EAST JAVA;PT UNIRAMA DUTA NIAGA;PROBOLINGGO
WAHYU HIDAYAT;probolinggo8;ARIF MM;UDN026A00119;A00119;SANNY RATNA SARI;EAST JAVA;PT UNIRAMA DUTA NIAGA;PROBOLINGGO
WAHYU HIDAYAT;probolinggo8;BASMALAH CANDIPURO;UDN026B00087;B00087;SANNY RATNA SARI;EAST JAVA;PT UNIRAMA DUTA NIAGA;PROBOLINGGO
WAHYU HIDAYAT;probolinggo8;BASMALAH JARIT;UDN026B00026;B00026;SANNY RATNA SARI;EAST JAVA;PT UNIRAMA DUTA NIAGA;PROBOLINGGO
WAHYU HIDAYAT;probolinggo8;BASMALAH RANDUAGUNG 1;UDN026B00024;B00024;SANNY RATNA SARI;EAST JAVA;PT UNIRAMA DUTA NIAGA;PROBOLINGGO
WAHYU HIDAYAT;probolinggo8;BASMALAH RANDUAGUNG 2;UDN026B00104;B00104;SANNY RATNA SARI;EAST JAVA;PT UNIRAMA DUTA NIAGA;PROBOLINGGO
WAHYU HIDAYAT;probolinggo8;CHALVIN;UDN026C00017;C00017;SANNY RATNA SARI;EAST JAVA;PT UNIRAMA DUTA NIAGA;PROBOLINGGO
WAHYU HIDAYAT;probolinggo8;FITRI;UDN026F00025;F00025;SANNY RATNA SARI;EAST JAVA;PT UNIRAMA DUTA NIAGA;PROBOLINGGO
WAHYU HIDAYAT;probolinggo8;GANY MART;UDN026G00016;G00016;SANNY RATNA SARI;EAST JAVA;PT UNIRAMA DUTA NIAGA;PROBOLINGGO
WAHYU HIDAYAT;probolinggo8;JITU;UDN026J00004;J00004;SANNY RATNA SARI;EAST JAVA;PT UNIRAMA DUTA NIAGA;PROBOLINGGO
WAHYU HIDAYAT;probolinggo8;JM MART;UDN026J00003;J00003;SANNY RATNA SARI;EAST JAVA;PT UNIRAMA DUTA NIAGA;PROBOLINGGO
WAHYU HIDAYAT;probolinggo8;KOKO SNACK;UDN026K00051;K00051;SANNY RATNA SARI;EAST JAVA;PT UNIRAMA DUTA NIAGA;PROBOLINGGO
WAHYU HIDAYAT;probolinggo8;KOP DWIJA RAHARJA;UDN026K00013;K00013;SANNY RATNA SARI;EAST JAVA;PT UNIRAMA DUTA NIAGA;PROBOLINGGO
WAHYU HIDAYAT;probolinggo8;LASTRI;UDN026L00032;L00032;SANNY RATNA SARI;EAST JAVA;PT UNIRAMA DUTA NIAGA;PROBOLINGGO
WAHYU HIDAYAT;probolinggo8;MA ARIF MART;UDN026M00061;M00061;SANNY RATNA SARI;EAST JAVA;PT UNIRAMA DUTA NIAGA;PROBOLINGGO
WAHYU HIDAYAT;probolinggo8;MAKMUR JAYA;UDN026M00017;M00017;SANNY RATNA SARI;EAST JAVA;PT UNIRAMA DUTA NIAGA;PROBOLINGGO
WAHYU HIDAYAT;probolinggo8;MUKIM;UDN026M00056;M00056;SANNY RATNA SARI;EAST JAVA;PT UNIRAMA DUTA NIAGA;PROBOLINGGO
WAHYU HIDAYAT;probolinggo8;MULIA;UDN026A00171;A00171;SANNY RATNA SARI;EAST JAVA;PT UNIRAMA DUTA NIAGA;PROBOLINGGO
WAHYU HIDAYAT;probolinggo8;NINGSIH;UDN026N00051;N00051;SANNY RATNA SARI;EAST JAVA;PT UNIRAMA DUTA NIAGA;PROBOLINGGO
WAHYU HIDAYAT;probolinggo8;NU LUMAJANG;UDN026N00048;N00048;SANNY RATNA SARI;EAST JAVA;PT UNIRAMA DUTA NIAGA;PROBOLINGGO
WAHYU HIDAYAT;probolinggo8;SUMBER MAKMUR;UDN026S00062;S00062;SANNY RATNA SARI;EAST JAVA;PT UNIRAMA DUTA NIAGA;PROBOLINGGO
WAHYU HIDAYAT;probolinggo8;SURATUN;UDN026S00181;S00181;SANNY RATNA SARI;EAST JAVA;PT UNIRAMA DUTA NIAGA;PROBOLINGGO
WAHYU HIDAYAT;probolinggo8;TUTIK SNACK;UDN026T00037;T00037;SANNY RATNA SARI;EAST JAVA;PT UNIRAMA DUTA NIAGA;PROBOLINGGO
WAHYU HIDAYAT;probolinggo8;YUNI TK;UDN026Y00016;Y00016;SANNY RATNA SARI;EAST JAVA;PT UNIRAMA DUTA NIAGA;PROBOLINGGO
WAHYU HIDAYAT;probolinggo8;AL HIDAYAH;UDN026A00023;A00023;SANNY RATNA SARI;EAST JAVA;PT UNIRAMA DUTA NIAGA;PROBOLINGGO
WAHYU HIDAYAT;probolinggo8;ALIF MART;UDN026A00122;A00122;SANNY RATNA SARI;EAST JAVA;PT UNIRAMA DUTA NIAGA;PROBOLINGGO
WAHYU HIDAYAT;probolinggo8;ANGJOS;UDN026A00019;A00019;SANNY RATNA SARI;EAST JAVA;PT UNIRAMA DUTA NIAGA;PROBOLINGGO
WAHYU HIDAYAT;probolinggo8;ARDI SNACK;UDN026A00130;A00130;SANNY RATNA SARI;EAST JAVA;PT UNIRAMA DUTA NIAGA;PROBOLINGGO
WAHYU HIDAYAT;probolinggo8;ARMOR CELL;UDN026A00080;A00080;SANNY RATNA SARI;EAST JAVA;PT UNIRAMA DUTA NIAGA;PROBOLINGGO
WAHYU HIDAYAT;probolinggo8;AZIZ SNACK;UDN026A00030;A00030;SANNY RATNA SARI;EAST JAVA;PT UNIRAMA DUTA NIAGA;PROBOLINGGO
WAHYU HIDAYAT;probolinggo8;BAROKAH 2;UDN026B00098;B00098;SANNY RATNA SARI;EAST JAVA;PT UNIRAMA DUTA NIAGA;PROBOLINGGO
WAHYU HIDAYAT;probolinggo8;BASMALAH GUNUNG TENGU;UDN026B00025;B00025;SANNY RATNA SARI;EAST JAVA;PT UNIRAMA DUTA NIAGA;PROBOLINGGO
WAHYU HIDAYAT;probolinggo8;BASMALAH KEDUNG JAJANG;UDN026B00095;B00095;SANNY RATNA SARI;EAST JAVA;PT UNIRAMA DUTA NIAGA;PROBOLINGGO
WAHYU HIDAYAT;probolinggo8;BASMALAH RANUYOSO;UDN026B00092;B00092;SANNY RATNA SARI;EAST JAVA;PT UNIRAMA DUTA NIAGA;PROBOLINGGO
WAHYU HIDAYAT;probolinggo8;BASMALAH SUKODONO;UDN026B0791;B0791;SANNY RATNA SARI;EAST JAVA;PT UNIRAMA DUTA NIAGA;PROBOLINGGO
WAHYU HIDAYAT;probolinggo8;BASMALAH TEKUNG;UDN026B00023;B00023;SANNY RATNA SARI;EAST JAVA;PT UNIRAMA DUTA NIAGA;PROBOLINGGO
WAHYU HIDAYAT;probolinggo8;BASMALAH TUKUM;UDN026B00114;B00114;SANNY RATNA SARI;EAST JAVA;PT UNIRAMA DUTA NIAGA;PROBOLINGGO
WAHYU HIDAYAT;probolinggo8;C2;UDN026C00006;C00006;SANNY RATNA SARI;EAST JAVA;PT UNIRAMA DUTA NIAGA;PROBOLINGGO
WAHYU HIDAYAT;probolinggo8;CV PODO LANCAR JAYA ;UDN026P00046;P00046;SANNY RATNA SARI;EAST JAVA;PT UNIRAMA DUTA NIAGA;PROBOLINGGO
WAHYU HIDAYAT;probolinggo8;DIMAS CELL;UDN026D00043;D00043;SANNY RATNA SARI;EAST JAVA;PT UNIRAMA DUTA NIAGA;PROBOLINGGO
WAHYU HIDAYAT;probolinggo8;FAMILY;UDN026F00036;F00036;SANNY RATNA SARI;EAST JAVA;PT UNIRAMA DUTA NIAGA;PROBOLINGGO
WAHYU HIDAYAT;probolinggo8;FERI;UDN026F00022;F00022;SANNY RATNA SARI;EAST JAVA;PT UNIRAMA DUTA NIAGA;PROBOLINGGO
WAHYU HIDAYAT;probolinggo8;FIRDAUS;UDN026F00030;F00030;SANNY RATNA SARI;EAST JAVA;PT UNIRAMA DUTA NIAGA;PROBOLINGGO
WAHYU HIDAYAT;probolinggo8;GRAHA MULIA LUMAJANG (PLAZA);UDN026G0164;G0164;SANNY RATNA SARI;EAST JAVA;PT UNIRAMA DUTA NIAGA;PROBOLINGGO
WAHYU HIDAYAT;probolinggo8;IQBAL;UDN026I00020;I00020;SANNY RATNA SARI;EAST JAVA;PT UNIRAMA DUTA NIAGA;PROBOLINGGO
WAHYU HIDAYAT;probolinggo8;JAMU JAGO;UDN026J00033;J00033;SANNY RATNA SARI;EAST JAVA;PT UNIRAMA DUTA NIAGA;PROBOLINGGO
WAHYU HIDAYAT;probolinggo8;KANZA;UDN026K00036;K00036;SANNY RATNA SARI;EAST JAVA;PT UNIRAMA DUTA NIAGA;PROBOLINGGO
WAHYU HIDAYAT;probolinggo8;KAWANKU;UDN026K00061;K00061;SANNY RATNA SARI;EAST JAVA;PT UNIRAMA DUTA NIAGA;PROBOLINGGO
WAHYU HIDAYAT;probolinggo8;KITA;UDN026K00024;K00024;SANNY RATNA SARI;EAST JAVA;PT UNIRAMA DUTA NIAGA;PROBOLINGGO
WAHYU HIDAYAT;probolinggo8;KK MART;UDN026K00062;K00062;SANNY RATNA SARI;EAST JAVA;PT UNIRAMA DUTA NIAGA;PROBOLINGGO
WAHYU HIDAYAT;probolinggo8;KPRI GUYUB RUKUN;UDN026G00007;G00007;SANNY RATNA SARI;EAST JAVA;PT UNIRAMA DUTA NIAGA;PROBOLINGGO
WAHYU HIDAYAT;probolinggo8;KUSNADI;UDN026K00054;K00054;SANNY RATNA SARI;EAST JAVA;PT UNIRAMA DUTA NIAGA;PROBOLINGGO
WAHYU HIDAYAT;probolinggo8;LILIK;UDN026L00026;L00026;SANNY RATNA SARI;EAST JAVA;PT UNIRAMA DUTA NIAGA;PROBOLINGGO
WAHYU HIDAYAT;probolinggo8;NINIK;UDN026N00039;N00039;SANNY RATNA SARI;EAST JAVA;PT UNIRAMA DUTA NIAGA;PROBOLINGGO
WAHYU HIDAYAT;probolinggo8;NOVAL/NINO JAYA;UDN026N00007;N00007;SANNY RATNA SARI;EAST JAVA;PT UNIRAMA DUTA NIAGA;PROBOLINGGO
WAHYU HIDAYAT;probolinggo8;NURI;UDN026N00023;N00023;SANNY RATNA SARI;EAST JAVA;PT UNIRAMA DUTA NIAGA;PROBOLINGGO
WAHYU HIDAYAT;probolinggo8;PUSPITA FROZEN;UDN026P00042;P00042;SANNY RATNA SARI;EAST JAVA;PT UNIRAMA DUTA NIAGA;PROBOLINGGO
WAHYU HIDAYAT;probolinggo8;RISKI JAYA;UDN026R00054;R00054;SANNY RATNA SARI;EAST JAVA;PT UNIRAMA DUTA NIAGA;PROBOLINGGO
WAHYU HIDAYAT;probolinggo8;RITRI MART;UDN026R0706;R0706;SANNY RATNA SARI;EAST JAVA;PT UNIRAMA DUTA NIAGA;PROBOLINGGO
WAHYU HIDAYAT;probolinggo8;SAHABAT JAYA;UDN026S0869;S0869;SANNY RATNA SARI;EAST JAVA;PT UNIRAMA DUTA NIAGA;PROBOLINGGO
WAHYU HIDAYAT;probolinggo8;SAMSUL;UDN026S00135;S00135;SANNY RATNA SARI;EAST JAVA;PT UNIRAMA DUTA NIAGA;PROBOLINGGO
WAHYU HIDAYAT;probolinggo8;SEMOGA BERKAH;UDN026S00111;S00111;SANNY RATNA SARI;EAST JAVA;PT UNIRAMA DUTA NIAGA;PROBOLINGGO
WAHYU HIDAYAT;probolinggo8;SINAR TIMUR;UDN026S00185;S00185;SANNY RATNA SARI;EAST JAVA;PT UNIRAMA DUTA NIAGA;PROBOLINGGO
WAHYU HIDAYAT;probolinggo8;SK MART;UDN026S00125;S00125;SANNY RATNA SARI;EAST JAVA;PT UNIRAMA DUTA NIAGA;PROBOLINGGO
WAHYU HIDAYAT;probolinggo8;SPBU KEDUNG JAJANG;UDN026S00042;S00042;SANNY RATNA SARI;EAST JAVA;PT UNIRAMA DUTA NIAGA;PROBOLINGGO
WAHYU HIDAYAT;probolinggo8;SPBU WONOREJO;UDN026S00157;S00157;SANNY RATNA SARI;EAST JAVA;PT UNIRAMA DUTA NIAGA;PROBOLINGGO
WAHYU HIDAYAT;probolinggo8;SULHAN;UDN026S00148;S00148;SANNY RATNA SARI;EAST JAVA;PT UNIRAMA DUTA NIAGA;PROBOLINGGO
WAHYU HIDAYAT;probolinggo8;SURAJI;UDN026S00115;S00115;SANNY RATNA SARI;EAST JAVA;PT UNIRAMA DUTA NIAGA;PROBOLINGGO
WAHYU HIDAYAT;probolinggo8;UD FIRDA;UDN026F00012;F00012;SANNY RATNA SARI;EAST JAVA;PT UNIRAMA DUTA NIAGA;PROBOLINGGO
WAHYU HIDAYAT;probolinggo8;VIA MART;UDN026V00003;V00003;SANNY RATNA SARI;EAST JAVA;PT UNIRAMA DUTA NIAGA;PROBOLINGGO
WAHYU HIDAYAT;probolinggo8;VINA;UDN026V00004;V00004;SANNY RATNA SARI;EAST JAVA;PT UNIRAMA DUTA NIAGA;PROBOLINGGO
WAHYU HIDAYAT;probolinggo8;WIRA RAJA TK;UDN026W00018;W00018;SANNY RATNA SARI;EAST JAVA;PT UNIRAMA DUTA NIAGA;PROBOLINGGO
FIRDAUS;probolinggo9;AL FAZA;UDN026A00132;A00132;SANNY RATNA SARI;EAST JAVA;PT UNIRAMA DUTA NIAGA;PROBOLINGGO
FIRDAUS;probolinggo9;ALI MAKI;UDN026A00151;A00151;SANNY RATNA SARI;EAST JAVA;PT UNIRAMA DUTA NIAGA;PROBOLINGGO
FIRDAUS;probolinggo9;ARYA;UDN026A00087;A00087;SANNY RATNA SARI;EAST JAVA;PT UNIRAMA DUTA NIAGA;PROBOLINGGO
FIRDAUS;probolinggo9;AULIA;UDN026A00144;A00144;SANNY RATNA SARI;EAST JAVA;PT UNIRAMA DUTA NIAGA;PROBOLINGGO
FIRDAUS;probolinggo9;BABUR RAHMAN;UDN026B00108;B00108;SANNY RATNA SARI;EAST JAVA;PT UNIRAMA DUTA NIAGA;PROBOLINGGO
FIRDAUS;probolinggo9;BADRI/TK JAMU;UDN026B00018;B00018;SANNY RATNA SARI;EAST JAVA;PT UNIRAMA DUTA NIAGA;PROBOLINGGO
FIRDAUS;probolinggo9;BASMALAH SAMAWA LAND;UDN026B00096;B00096;SANNY RATNA SARI;EAST JAVA;PT UNIRAMA DUTA NIAGA;PROBOLINGGO
FIRDAUS;probolinggo9;BILQIS;UDN026B00058;B00058;SANNY RATNA SARI;EAST JAVA;PT UNIRAMA DUTA NIAGA;PROBOLINGGO
FIRDAUS;probolinggo9;BINTANG BARU;UDN026B00049;B00049;SANNY RATNA SARI;EAST JAVA;PT UNIRAMA DUTA NIAGA;PROBOLINGGO
FIRDAUS;probolinggo9;DADANG;UDN026D00021;D00021;SANNY RATNA SARI;EAST JAVA;PT UNIRAMA DUTA NIAGA;PROBOLINGGO
FIRDAUS;probolinggo9;EZZA BEAUTY SHOP;UDN026E00109;E00109;SANNY RATNA SARI;EAST JAVA;PT UNIRAMA DUTA NIAGA;PROBOLINGGO
FIRDAUS;probolinggo9;FASHI;UDN026F00006;F00006;SANNY RATNA SARI;EAST JAVA;PT UNIRAMA DUTA NIAGA;PROBOLINGGO
FIRDAUS;probolinggo9;HARAPAN JAYA;UDN026H00007;H00007;SANNY RATNA SARI;EAST JAVA;PT UNIRAMA DUTA NIAGA;PROBOLINGGO
FIRDAUS;probolinggo9;HUSADA MART 2;UDN026H00052;H00052;SANNY RATNA SARI;EAST JAVA;PT UNIRAMA DUTA NIAGA;PROBOLINGGO
FIRDAUS;probolinggo9;ILYAS;UDN026I00017;I00017;SANNY RATNA SARI;EAST JAVA;PT UNIRAMA DUTA NIAGA;PROBOLINGGO
FIRDAUS;probolinggo9;JAWA;UDN026J00011;J00011;SANNY RATNA SARI;EAST JAVA;PT UNIRAMA DUTA NIAGA;PROBOLINGGO
FIRDAUS;probolinggo9;KOP PP PUTRI GENGGONG;UDN026K00064;K00064;SANNY RATNA SARI;EAST JAVA;PT UNIRAMA DUTA NIAGA;PROBOLINGGO
FIRDAUS;probolinggo9;LANCAR/DEVI;UDN026L0055;L0055;SANNY RATNA SARI;EAST JAVA;PT UNIRAMA DUTA NIAGA;PROBOLINGGO
FIRDAUS;probolinggo9;LUBI LUBABA;UDN026L00030;L00030;SANNY RATNA SARI;EAST JAVA;PT UNIRAMA DUTA NIAGA;PROBOLINGGO
FIRDAUS;probolinggo9;MADINAH;UDN026M00034;M00034;SANNY RATNA SARI;EAST JAVA;PT UNIRAMA DUTA NIAGA;PROBOLINGGO
FIRDAUS;probolinggo9;MAKMUR JAYA;UDN026M00057;M00057;SANNY RATNA SARI;EAST JAVA;PT UNIRAMA DUTA NIAGA;PROBOLINGGO
FIRDAUS;probolinggo9;MAMIRI;UDN026M1047;M1047;SANNY RATNA SARI;EAST JAVA;PT UNIRAMA DUTA NIAGA;PROBOLINGGO
FIRDAUS;probolinggo9;MAR LAYANGAN;UDN026M00018;M00018;SANNY RATNA SARI;EAST JAVA;PT UNIRAMA DUTA NIAGA;PROBOLINGGO
FIRDAUS;probolinggo9;MISJAN;UDN026M00033;M00033;SANNY RATNA SARI;EAST JAVA;PT UNIRAMA DUTA NIAGA;PROBOLINGGO
FIRDAUS;probolinggo9;MUNAWAR;UDN026M00041;M00041;SANNY RATNA SARI;EAST JAVA;PT UNIRAMA DUTA NIAGA;PROBOLINGGO
FIRDAUS;probolinggo9;MUNAWAR;UDN026M00047;M00047;SANNY RATNA SARI;EAST JAVA;PT UNIRAMA DUTA NIAGA;PROBOLINGGO
FIRDAUS;probolinggo9;NADIA;UDN026N00036;N00036;SANNY RATNA SARI;EAST JAVA;PT UNIRAMA DUTA NIAGA;PROBOLINGGO
FIRDAUS;probolinggo9;NUR;UDN026N00017;N00017;SANNY RATNA SARI;EAST JAVA;PT UNIRAMA DUTA NIAGA;PROBOLINGGO
FIRDAUS;probolinggo9;NYATA ABADI;UDN026N00003;N00003;SANNY RATNA SARI;EAST JAVA;PT UNIRAMA DUTA NIAGA;PROBOLINGGO
FIRDAUS;probolinggo9;OMAH BERKAH;UDN026O00002;O00002;SANNY RATNA SARI;EAST JAVA;PT UNIRAMA DUTA NIAGA;PROBOLINGGO
FIRDAUS;probolinggo9;QORIATUL;UDN026Q00001;Q00001;SANNY RATNA SARI;EAST JAVA;PT UNIRAMA DUTA NIAGA;PROBOLINGGO
FIRDAUS;probolinggo9;RAGAM BUANA;UDN026R00020;R00020;SANNY RATNA SARI;EAST JAVA;PT UNIRAMA DUTA NIAGA;PROBOLINGGO
FIRDAUS;probolinggo9;RUDI JAMU;UDN026R0664;R0664;SANNY RATNA SARI;EAST JAVA;PT UNIRAMA DUTA NIAGA;PROBOLINGGO
FIRDAUS;probolinggo9;SOFYAN;UDN026S00162;S00162;SANNY RATNA SARI;EAST JAVA;PT UNIRAMA DUTA NIAGA;PROBOLINGGO
FIRDAUS;probolinggo9;SUMBER BAROKAH;UDN026S0965;S0965;SANNY RATNA SARI;EAST JAVA;PT UNIRAMA DUTA NIAGA;PROBOLINGGO
FIRDAUS;probolinggo9;SURYA;UDN026S00165;S00165;SANNY RATNA SARI;EAST JAVA;PT UNIRAMA DUTA NIAGA;PROBOLINGGO
FIRDAUS;probolinggo9;SUTRI;UDN026S00094;S00094;SANNY RATNA SARI;EAST JAVA;PT UNIRAMA DUTA NIAGA;PROBOLINGGO
FIRDAUS;probolinggo9;SUTRISNO;UDN026S00080;S00080;SANNY RATNA SARI;EAST JAVA;PT UNIRAMA DUTA NIAGA;PROBOLINGGO
FIRDAUS;probolinggo9;SUYATI;UDN026S00070;S00070;SANNY RATNA SARI;EAST JAVA;PT UNIRAMA DUTA NIAGA;PROBOLINGGO
FIRDAUS;probolinggo9;YOSI;UDN026Y0095;Y0095;SANNY RATNA SARI;EAST JAVA;PT UNIRAMA DUTA NIAGA;PROBOLINGGO
FIRDAUS;probolinggo9;A2;UDN026A00156;A00156;SANNY RATNA SARI;EAST JAVA;PT UNIRAMA DUTA NIAGA;PROBOLINGGO
FIRDAUS;probolinggo9;ELAF AL MASHAER;UDN026E00020;E00020;SANNY RATNA SARI;EAST JAVA;PT UNIRAMA DUTA NIAGA;PROBOLINGGO
FIRDAUS;probolinggo9;SAMSUL;UDN026S00168;S00168;SANNY RATNA SARI;EAST JAVA;PT UNIRAMA DUTA NIAGA;PROBOLINGGO
FIRDAUS;probolinggo9;SARI RASA;UDN026S00097;S00097;SANNY RATNA SARI;EAST JAVA;PT UNIRAMA DUTA NIAGA;PROBOLINGGO
FIRDAUS;probolinggo9;SINAR MULIA;UDN026S00102;S00102;SANNY RATNA SARI;EAST JAVA;PT UNIRAMA DUTA NIAGA;PROBOLINGGO
FIRDAUS;probolinggo9;TUNGGAL PUTRA;UDN026T00017;T00017;SANNY RATNA SARI;EAST JAVA;PT UNIRAMA DUTA NIAGA;PROBOLINGGO
FIRDAUS;probolinggo9;BASMALAH TRIWUNG;UDN026B00116;B00116;SANNY RATNA SARI;EAST JAVA;PT UNIRAMA DUTA NIAGA;PROBOLINGGO
FIRDAUS;probolinggo9;MUSAFIR;UDN026M00064;M00064;SANNY RATNA SARI;EAST JAVA;PT UNIRAMA DUTA NIAGA;PROBOLINGGO
FIRDAUS;probolinggo9;NAURA CELL;UDN026N00022;N00022;SANNY RATNA SARI;EAST JAVA;PT UNIRAMA DUTA NIAGA;PROBOLINGGO
FIRDAUS;probolinggo9;SUEB;UDN026S00056;S00056;SANNY RATNA SARI;EAST JAVA;PT UNIRAMA DUTA NIAGA;PROBOLINGGO
FIRDAUS;probolinggo9;SWALAYAN 89;UDN026S00025;S00025;SANNY RATNA SARI;EAST JAVA;PT UNIRAMA DUTA NIAGA;PROBOLINGGO
FIRDAUS;probolinggo9;YAHYA;UDN026Y0339;Y0339;SANNY RATNA SARI;EAST JAVA;PT UNIRAMA DUTA NIAGA;PROBOLINGGO
FIRDAUS;probolinggo9;YAUMI;UDN026Y00001;Y00001;SANNY RATNA SARI;EAST JAVA;PT UNIRAMA DUTA NIAGA;PROBOLINGGO
FIRDAUS;probolinggo9;BASMALAH KOTA ANYAR;UDN026B00010;B00010;SANNY RATNA SARI;EAST JAVA;PT UNIRAMA DUTA NIAGA;PROBOLINGGO
FIRDAUS;probolinggo9;PT. DIVA ANUGERAH SUKSES;UDN026D00002;D00002;SANNY RATNA SARI;EAST JAVA;PT UNIRAMA DUTA NIAGA;PROBOLINGGO
FIRDAUS;probolinggo9;CV SINAR TERANG SUPERMARKET;UDN026S00004;S00004;SANNY RATNA SARI;EAST JAVA;PT UNIRAMA DUTA NIAGA;PROBOLINGGO
FIRDAUS;probolinggo9;ADEL KARYA;UDN026A00091;A00091;SANNY RATNA SARI;EAST JAVA;PT UNIRAMA DUTA NIAGA;PROBOLINGGO
FIRDAUS;probolinggo9;ANIK;UDN026A00077;A00077;SANNY RATNA SARI;EAST JAVA;PT UNIRAMA DUTA NIAGA;PROBOLINGGO
FIRDAUS;probolinggo9;BAMBANG KUSNADI;UDN026R0064;R0064;SANNY RATNA SARI;EAST JAVA;PT UNIRAMA DUTA NIAGA;PROBOLINGGO
FIRDAUS;probolinggo9;BLAMBANGAN;UDN026B00013;B00013;SANNY RATNA SARI;EAST JAVA;PT UNIRAMA DUTA NIAGA;PROBOLINGGO
FIRDAUS;probolinggo9;BUNDA CAMILAN;UDN026B00019;B00019;SANNY RATNA SARI;EAST JAVA;PT UNIRAMA DUTA NIAGA;PROBOLINGGO
FIRDAUS;probolinggo9;DELTA SUPERSTORE;UDN026D00030;D00030;SANNY RATNA SARI;EAST JAVA;PT UNIRAMA DUTA NIAGA;PROBOLINGGO
FIRDAUS;probolinggo9;DUA DUA ;UDN026D00040;D00040;SANNY RATNA SARI;EAST JAVA;PT UNIRAMA DUTA NIAGA;PROBOLINGGO
FIRDAUS;probolinggo9;HENI;UDN026H00046;H00046;SANNY RATNA SARI;EAST JAVA;PT UNIRAMA DUTA NIAGA;PROBOLINGGO
FIRDAUS;probolinggo9;JAGO;UDN026J00007;J00007;SANNY RATNA SARI;EAST JAVA;PT UNIRAMA DUTA NIAGA;PROBOLINGGO
FIRDAUS;probolinggo9;KARTA JAYA;UDN026K0004;K0004;SANNY RATNA SARI;EAST JAVA;PT UNIRAMA DUTA NIAGA;PROBOLINGGO
FIRDAUS;probolinggo9;KOP SMKN1;UDN026K00010;K00010;SANNY RATNA SARI;EAST JAVA;PT UNIRAMA DUTA NIAGA;PROBOLINGGO
FIRDAUS;probolinggo9;KUNING JAYA;UDN026K00006;K00006;SANNY RATNA SARI;EAST JAVA;PT UNIRAMA DUTA NIAGA;PROBOLINGGO
FIRDAUS;probolinggo9;LISA INDAH;UDN026L00024;L00024;SANNY RATNA SARI;EAST JAVA;PT UNIRAMA DUTA NIAGA;PROBOLINGGO
FIRDAUS;probolinggo9;MISBAH MANDIRI;UDN026M00066;M00066;SANNY RATNA SARI;EAST JAVA;PT UNIRAMA DUTA NIAGA;PROBOLINGGO
FIRDAUS;probolinggo9;PARAMITA;UDN026P00028;P00028;SANNY RATNA SARI;EAST JAVA;PT UNIRAMA DUTA NIAGA;PROBOLINGGO
FIRDAUS;probolinggo9;PUPUT;UDN026P00043;P00043;SANNY RATNA SARI;EAST JAVA;PT UNIRAMA DUTA NIAGA;PROBOLINGGO
FIRDAUS;probolinggo9;STAR MART;UDN026S2827;S2827;SANNY RATNA SARI;EAST JAVA;PT UNIRAMA DUTA NIAGA;PROBOLINGGO
FIRDAUS;probolinggo9;SUKOSARI;UDN026S00152;S00152;SANNY RATNA SARI;EAST JAVA;PT UNIRAMA DUTA NIAGA;PROBOLINGGO
FIRDAUS;probolinggo9;SUMBER JAYA;UDN026S00069;S00069;SANNY RATNA SARI;EAST JAVA;PT UNIRAMA DUTA NIAGA;PROBOLINGGO
FIRDAUS;probolinggo9;SUMBER REJKI / MERAH;UDN026S00101;S00101;SANNY RATNA SARI;EAST JAVA;PT UNIRAMA DUTA NIAGA;PROBOLINGGO
FIRDAUS;probolinggo9;FIRA CELL;UDN026F00037;F00037;SANNY RATNA SARI;EAST JAVA;PT UNIRAMA DUTA NIAGA;PROBOLINGGO
FIRDAUS;probolinggo9;NUR;UDN026N00018;N00018;SANNY RATNA SARI;EAST JAVA;PT UNIRAMA DUTA NIAGA;PROBOLINGGO
FIRDAUS;probolinggo9;BAROKAH;UDN026B00123;B00123;SANNY RATNA SARI;EAST JAVA;PT UNIRAMA DUTA NIAGA;PROBOLINGGO
FIRDAUS;probolinggo9;ALHAMDULILLAH JAYA TIRIS;UDN026A00120;A00120;SANNY RATNA SARI;EAST JAVA;PT UNIRAMA DUTA NIAGA;PROBOLINGGO
FIRDAUS;probolinggo9;BAROKAH;UDN026B00094;B00094;SANNY RATNA SARI;EAST JAVA;PT UNIRAMA DUTA NIAGA;PROBOLINGGO
FIRDAUS;probolinggo9;BAROKAH/ABD.RAHMAN;UDN026Z00006;Z00006;SANNY RATNA SARI;EAST JAVA;PT UNIRAMA DUTA NIAGA;PROBOLINGGO
FIRDAUS;probolinggo9;BASMALAH BESUK;UDN026B00009;B00009;SANNY RATNA SARI;EAST JAVA;PT UNIRAMA DUTA NIAGA;PROBOLINGGO
FIRDAUS;probolinggo9;BASMALAH KLASEMAN;UDN026B00128;B00128;SANNY RATNA SARI;EAST JAVA;PT UNIRAMA DUTA NIAGA;PROBOLINGGO
FIRDAUS;probolinggo9;BASMALAH KLASEMAN;UDN026B00083;B00083;SANNY RATNA SARI;EAST JAVA;PT UNIRAMA DUTA NIAGA;PROBOLINGGO
FIRDAUS;probolinggo9;BASMALAH SEBAUNG;UDN026B00117;B00117;SANNY RATNA SARI;EAST JAVA;PT UNIRAMA DUTA NIAGA;PROBOLINGGO
FIRDAUS;probolinggo9;FATAN;UDN026F00035;F00035;SANNY RATNA SARI;EAST JAVA;PT UNIRAMA DUTA NIAGA;PROBOLINGGO
FIRDAUS;probolinggo9;HARYANTO,SE;UDN026S00001;S00001;SANNY RATNA SARI;EAST JAVA;PT UNIRAMA DUTA NIAGA;PROBOLINGGO
FIRDAUS;probolinggo9;HASIM;UDN026H00053;H00053;SANNY RATNA SARI;EAST JAVA;PT UNIRAMA DUTA NIAGA;PROBOLINGGO
FIRDAUS;probolinggo9;JAYA RAYA;UDN026J00029;J00029;SANNY RATNA SARI;EAST JAVA;PT UNIRAMA DUTA NIAGA;PROBOLINGGO
FIRDAUS;probolinggo9;LIA;UDN026L00027;L00027;SANNY RATNA SARI;EAST JAVA;PT UNIRAMA DUTA NIAGA;PROBOLINGGO
FIRDAUS;probolinggo9;MAHRUS JAYA;UDN026M00040;M00040;SANNY RATNA SARI;EAST JAVA;PT UNIRAMA DUTA NIAGA;PROBOLINGGO
FIRDAUS;probolinggo9;RAMLI;UDN026R00022;R00022;SANNY RATNA SARI;EAST JAVA;PT UNIRAMA DUTA NIAGA;PROBOLINGGO
FIRDAUS;probolinggo9;RIANA;UDN026R00073;R00073;SANNY RATNA SARI;EAST JAVA;PT UNIRAMA DUTA NIAGA;PROBOLINGGO
FIRDAUS;probolinggo9;SETIA HATI MART;UDN026S00043;S00043;SANNY RATNA SARI;EAST JAVA;PT UNIRAMA DUTA NIAGA;PROBOLINGGO
FIRDAUS;probolinggo9;SUBUR MAKMUR;UDN026S00061;S00061;SANNY RATNA SARI;EAST JAVA;PT UNIRAMA DUTA NIAGA;PROBOLINGGO
FIRDAUS;probolinggo9;ADITYA;UDN026A00135;A00135;SANNY RATNA SARI;EAST JAVA;PT UNIRAMA DUTA NIAGA;PROBOLINGGO
FIRDAUS;probolinggo9;AIR MANCUR;UDN026A00009;A00009;SANNY RATNA SARI;EAST JAVA;PT UNIRAMA DUTA NIAGA;PROBOLINGGO
FIRDAUS;probolinggo9;AISYAH;UDN026A00088;A00088;SANNY RATNA SARI;EAST JAVA;PT UNIRAMA DUTA NIAGA;PROBOLINGGO
FIRDAUS;probolinggo9;AL HIKMAH;UDN026A00117;A00117;SANNY RATNA SARI;EAST JAVA;PT UNIRAMA DUTA NIAGA;PROBOLINGGO
FIRDAUS;probolinggo9;AMANAH;UDN026A00029;A00029;SANNY RATNA SARI;EAST JAVA;PT UNIRAMA DUTA NIAGA;PROBOLINGGO
FIRDAUS;probolinggo9;ANANDA;UDN026A00097;A00097;SANNY RATNA SARI;EAST JAVA;PT UNIRAMA DUTA NIAGA;PROBOLINGGO
FIRDAUS;probolinggo9;ARIK;UDN026A00032;A00032;SANNY RATNA SARI;EAST JAVA;PT UNIRAMA DUTA NIAGA;PROBOLINGGO
FIRDAUS;probolinggo9;AZFAR;UDN026A00141;A00141;SANNY RATNA SARI;EAST JAVA;PT UNIRAMA DUTA NIAGA;PROBOLINGGO
FIRDAUS;probolinggo9;BARU;UDN026B00101;B00101;SANNY RATNA SARI;EAST JAVA;PT UNIRAMA DUTA NIAGA;PROBOLINGGO
FIRDAUS;probolinggo9;BARU;UDN026B00125;B00125;SANNY RATNA SARI;EAST JAVA;PT UNIRAMA DUTA NIAGA;PROBOLINGGO
FIRDAUS;probolinggo9;BOWO;UDN026B00029;B00029;SANNY RATNA SARI;EAST JAVA;PT UNIRAMA DUTA NIAGA;PROBOLINGGO
FIRDAUS;probolinggo9;COKRO SWALAYAN;UDN026C0174;C0174;SANNY RATNA SARI;EAST JAVA;PT UNIRAMA DUTA NIAGA;PROBOLINGGO
FIRDAUS;probolinggo9;DUA SATU TIGA (213);UDN026D00011;D00011;SANNY RATNA SARI;EAST JAVA;PT UNIRAMA DUTA NIAGA;PROBOLINGGO
FIRDAUS;probolinggo9;ENAM - ENAM;UDN026E00019;E00019;SANNY RATNA SARI;EAST JAVA;PT UNIRAMA DUTA NIAGA;PROBOLINGGO
FIRDAUS;probolinggo9;FAJAR;UDN026F00034;F00034;SANNY RATNA SARI;EAST JAVA;PT UNIRAMA DUTA NIAGA;PROBOLINGGO
FIRDAUS;probolinggo9;GILANG;UDN026G00021;G00021;SANNY RATNA SARI;EAST JAVA;PT UNIRAMA DUTA NIAGA;PROBOLINGGO
FIRDAUS;probolinggo9;HARTINI;UDN026H00025;H00025;SANNY RATNA SARI;EAST JAVA;PT UNIRAMA DUTA NIAGA;PROBOLINGGO
FIRDAUS;probolinggo9;HARTONO;UDN026H00002;H00002;SANNY RATNA SARI;EAST JAVA;PT UNIRAMA DUTA NIAGA;PROBOLINGGO
FIRDAUS;probolinggo9;HIJAU JAYA;UDN026H00035;H00035;SANNY RATNA SARI;EAST JAVA;PT UNIRAMA DUTA NIAGA;PROBOLINGGO
FIRDAUS;probolinggo9;JASTEL AJI;UDN026J00032;J00032;SANNY RATNA SARI;EAST JAVA;PT UNIRAMA DUTA NIAGA;PROBOLINGGO
FIRDAUS;probolinggo9;JOKO BELAKANG;UDN026J00002;J00002;SANNY RATNA SARI;EAST JAVA;PT UNIRAMA DUTA NIAGA;PROBOLINGGO
FIRDAUS;probolinggo9;KKM (KK MART);UDN026K00053;K00053;SANNY RATNA SARI;EAST JAVA;PT UNIRAMA DUTA NIAGA;PROBOLINGGO
FIRDAUS;probolinggo9;KOP DINKES;UDN026K00058;K00058;SANNY RATNA SARI;EAST JAVA;PT UNIRAMA DUTA NIAGA;PROBOLINGGO
FIRDAUS;probolinggo9;KOP ERATEX;UDN026E00014;E00014;SANNY RATNA SARI;EAST JAVA;PT UNIRAMA DUTA NIAGA;PROBOLINGGO
FIRDAUS;probolinggo9;KOP. RSUD DR.SOLEH;UDN026R0111;R0111;SANNY RATNA SARI;EAST JAVA;PT UNIRAMA DUTA NIAGA;PROBOLINGGO
FIRDAUS;probolinggo9;KUSNO;UDN026K00046;K00046;SANNY RATNA SARI;EAST JAVA;PT UNIRAMA DUTA NIAGA;PROBOLINGGO
FIRDAUS;probolinggo9;LANGGENG JAYA;UDN026L00014;L00014;SANNY RATNA SARI;EAST JAVA;PT UNIRAMA DUTA NIAGA;PROBOLINGGO
FIRDAUS;probolinggo9;LESTARI;UDN026L00002;L00002;SANNY RATNA SARI;EAST JAVA;PT UNIRAMA DUTA NIAGA;PROBOLINGGO
FIRDAUS;probolinggo9;MERAH;UDN026M00062;M00062;SANNY RATNA SARI;EAST JAVA;PT UNIRAMA DUTA NIAGA;PROBOLINGGO
FIRDAUS;probolinggo9;ORANYE;UDN026O00003;O00003;SANNY RATNA SARI;EAST JAVA;PT UNIRAMA DUTA NIAGA;PROBOLINGGO
FIRDAUS;probolinggo9;PAI MART;UDN026P00034;P00034;SANNY RATNA SARI;EAST JAVA;PT UNIRAMA DUTA NIAGA;PROBOLINGGO
FIRDAUS;probolinggo9;PUTRA BAROKAH;UDN026P00026;P00026;SANNY RATNA SARI;EAST JAVA;PT UNIRAMA DUTA NIAGA;PROBOLINGGO
FIRDAUS;probolinggo9;RANIA;UDN026R00061;R00061;SANNY RATNA SARI;EAST JAVA;PT UNIRAMA DUTA NIAGA;PROBOLINGGO
FIRDAUS;probolinggo9;SADI;UDN026S00160;S00160;SANNY RATNA SARI;EAST JAVA;PT UNIRAMA DUTA NIAGA;PROBOLINGGO
FIRDAUS;probolinggo9;SERBA ADA / SAFI'I;UDN026S00154;S00154;SANNY RATNA SARI;EAST JAVA;PT UNIRAMA DUTA NIAGA;PROBOLINGGO
FIRDAUS;probolinggo9;SETIA JAYA MAMA;UDN026S00147;S00147;SANNY RATNA SARI;EAST JAVA;PT UNIRAMA DUTA NIAGA;PROBOLINGGO
FIRDAUS;probolinggo9;SETIA JAYA/ANTON;UDN026S00146;S00146;SANNY RATNA SARI;EAST JAVA;PT UNIRAMA DUTA NIAGA;PROBOLINGGO
FIRDAUS;probolinggo9;SINAR PLASTIK;UDN026S00027;S00027;SANNY RATNA SARI;EAST JAVA;PT UNIRAMA DUTA NIAGA;PROBOLINGGO
FIRDAUS;probolinggo9;SULTAN SNACK;UDN026S00186;S00186;SANNY RATNA SARI;EAST JAVA;PT UNIRAMA DUTA NIAGA;PROBOLINGGO
FIRDAUS;probolinggo9;SUTARI;UDN026S00041;S00041;SANNY RATNA SARI;EAST JAVA;PT UNIRAMA DUTA NIAGA;PROBOLINGGO
FIRDAUS;probolinggo9;TIARA;UDN026T00024;T00024;SANNY RATNA SARI;EAST JAVA;PT UNIRAMA DUTA NIAGA;PROBOLINGGO
FIRDAUS;probolinggo9;TIVAN;UDN026T00001;T00001;SANNY RATNA SARI;EAST JAVA;PT UNIRAMA DUTA NIAGA;PROBOLINGGO
FIRDAUS;probolinggo9;VANS MART;UDN026V00010;V00010;SANNY RATNA SARI;EAST JAVA;PT UNIRAMA DUTA NIAGA;PROBOLINGGO
FIRDAUS;probolinggo9;WAHYU;UDN026W00006;W00006;SANNY RATNA SARI;EAST JAVA;PT UNIRAMA DUTA NIAGA;PROBOLINGGO
FIRDAUS;probolinggo9;YUNI;UDN026Y00010;Y00010;SANNY RATNA SARI;EAST JAVA;PT UNIRAMA DUTA NIAGA;PROBOLINGGO
FIRDAUS;probolinggo9;AGUNG CELL;UDN026A00101;A00101;SANNY RATNA SARI;EAST JAVA;PT UNIRAMA DUTA NIAGA;PROBOLINGGO
FIRDAUS;probolinggo9;AL BAROKAH;UDN026A00107;A00107;SANNY RATNA SARI;EAST JAVA;PT UNIRAMA DUTA NIAGA;PROBOLINGGO
FIRDAUS;probolinggo9;AL FAZZA;UDN026A00100;A00100;SANNY RATNA SARI;EAST JAVA;PT UNIRAMA DUTA NIAGA;PROBOLINGGO
FIRDAUS;probolinggo9;ARINTA;UDN026A00102;A00102;SANNY RATNA SARI;EAST JAVA;PT UNIRAMA DUTA NIAGA;PROBOLINGGO
FIRDAUS;probolinggo9;ASWI;UDN026A00150;A00150;SANNY RATNA SARI;EAST JAVA;PT UNIRAMA DUTA NIAGA;PROBOLINGGO
FIRDAUS;probolinggo9;BAKTI JAYA;UDN026B00027;B00027;SANNY RATNA SARI;EAST JAVA;PT UNIRAMA DUTA NIAGA;PROBOLINGGO
FIRDAUS;probolinggo9;BUMI ASIH MART;UDN026B00062;B00062;SANNY RATNA SARI;EAST JAVA;PT UNIRAMA DUTA NIAGA;PROBOLINGGO
FIRDAUS;probolinggo9;DIAZ;UDN026D0227;D0227;SANNY RATNA SARI;EAST JAVA;PT UNIRAMA DUTA NIAGA;PROBOLINGGO
FIRDAUS;probolinggo9;EDI;UDN026E00029;E00029;SANNY RATNA SARI;EAST JAVA;PT UNIRAMA DUTA NIAGA;PROBOLINGGO
FIRDAUS;probolinggo9;EKA;UDN026E00030;E00030;SANNY RATNA SARI;EAST JAVA;PT UNIRAMA DUTA NIAGA;PROBOLINGGO
FIRDAUS;probolinggo9;FAJAR LUX;UDN026F00002;F00002;SANNY RATNA SARI;EAST JAVA;PT UNIRAMA DUTA NIAGA;PROBOLINGGO
FIRDAUS;probolinggo9;JJ / UDIN;UDN026J00005;J00005;SANNY RATNA SARI;EAST JAVA;PT UNIRAMA DUTA NIAGA;PROBOLINGGO
FIRDAUS;probolinggo9;MAR KACONG;UDN026M00030;M00030;SANNY RATNA SARI;EAST JAVA;PT UNIRAMA DUTA NIAGA;PROBOLINGGO
FIRDAUS;probolinggo9;NURWAHID;UDN026N00009;N00009;SANNY RATNA SARI;EAST JAVA;PT UNIRAMA DUTA NIAGA;PROBOLINGGO
FIRDAUS;probolinggo9;PRISMA JAYA;UDN026P00038;P00038;SANNY RATNA SARI;EAST JAVA;PT UNIRAMA DUTA NIAGA;PROBOLINGGO
FIRDAUS;probolinggo9;SALAMAH;UDN026S00158;S00158;SANNY RATNA SARI;EAST JAVA;PT UNIRAMA DUTA NIAGA;PROBOLINGGO
FIRDAUS;probolinggo9;SIHAB;UDN026S00145;S00145;SANNY RATNA SARI;EAST JAVA;PT UNIRAMA DUTA NIAGA;PROBOLINGGO
FIRDAUS;probolinggo9;SINAR JAYA;UDN026S00163;S00163;SANNY RATNA SARI;EAST JAVA;PT UNIRAMA DUTA NIAGA;PROBOLINGGO
FIRDAUS;probolinggo9;SONO;UDN026S00074;S00074;SANNY RATNA SARI;EAST JAVA;PT UNIRAMA DUTA NIAGA;PROBOLINGGO
FIRDAUS;probolinggo9;SPECTRUM;UDN026S00100;S00100;SANNY RATNA SARI;EAST JAVA;PT UNIRAMA DUTA NIAGA;PROBOLINGGO
FIRDAUS;probolinggo9;TUTIK;UDN026T00026;T00026;SANNY RATNA SARI;EAST JAVA;PT UNIRAMA DUTA NIAGA;PROBOLINGGO
FIRDAUS;probolinggo9;YATI FROZEN;UDN026Y00018;Y00018;SANNY RATNA SARI;EAST JAVA;PT UNIRAMA DUTA NIAGA;PROBOLINGGO
FIRDAUS;probolinggo9;YOKO;UDN026Y00007;Y00007;SANNY RATNA SARI;EAST JAVA;PT UNIRAMA DUTA NIAGA;PROBOLINGGO
FIRDAUS;probolinggo9;ABC;UDN026A00136;A00136;SANNY RATNA SARI;EAST JAVA;PT UNIRAMA DUTA NIAGA;PROBOLINGGO
FIRDAUS;probolinggo9;ATNADJI;UDN026A00046;A00046;SANNY RATNA SARI;EAST JAVA;PT UNIRAMA DUTA NIAGA;PROBOLINGGO
FIRDAUS;probolinggo9;BAROKAH SOFI;UDN026B00126;B00126;SANNY RATNA SARI;EAST JAVA;PT UNIRAMA DUTA NIAGA;PROBOLINGGO
FIRDAUS;probolinggo9;BASMALAH KEDOPOK;UDN026B00121;B00121;SANNY RATNA SARI;EAST JAVA;PT UNIRAMA DUTA NIAGA;PROBOLINGGO
FIRDAUS;probolinggo9;HADI JAYA;UDN026H00051;H00051;SANNY RATNA SARI;EAST JAVA;PT UNIRAMA DUTA NIAGA;PROBOLINGGO
FIRDAUS;probolinggo9;HAFID;UDN026H00029;H00029;SANNY RATNA SARI;EAST JAVA;PT UNIRAMA DUTA NIAGA;PROBOLINGGO
FIRDAUS;probolinggo9;HANURA;UDN026H00031;H00031;SANNY RATNA SARI;EAST JAVA;PT UNIRAMA DUTA NIAGA;PROBOLINGGO
FIRDAUS;probolinggo9;IQBAL;UDN026I00019;I00019;SANNY RATNA SARI;EAST JAVA;PT UNIRAMA DUTA NIAGA;PROBOLINGGO
FIRDAUS;probolinggo9;ISLAMIC MART;UDN026I00001;I00001;SANNY RATNA SARI;EAST JAVA;PT UNIRAMA DUTA NIAGA;PROBOLINGGO
FIRDAUS;probolinggo9;ISMAIL;UDN026I00005;I00005;SANNY RATNA SARI;EAST JAVA;PT UNIRAMA DUTA NIAGA;PROBOLINGGO
FIRDAUS;probolinggo9;ISMI;UDN026I00025;I00025;SANNY RATNA SARI;EAST JAVA;PT UNIRAMA DUTA NIAGA;PROBOLINGGO
FIRDAUS;probolinggo9;JAYA ABADI;UDN026J00022;J00022;SANNY RATNA SARI;EAST JAVA;PT UNIRAMA DUTA NIAGA;PROBOLINGGO
FIRDAUS;probolinggo9;JAYA ABADI 2;UDN026J00012;J00012;SANNY RATNA SARI;EAST JAVA;PT UNIRAMA DUTA NIAGA;PROBOLINGGO
FIRDAUS;probolinggo9;KODRI;UDN026K00066;K00066;SANNY RATNA SARI;EAST JAVA;PT UNIRAMA DUTA NIAGA;PROBOLINGGO
FIRDAUS;probolinggo9;KOP KARYAWAN HM SAMPOERNA;UDN026K00050;K00050;SANNY RATNA SARI;EAST JAVA;PT UNIRAMA DUTA NIAGA;PROBOLINGGO
FIRDAUS;probolinggo9;KOP PONPES MASDUQYAH;UDN026M00025;M00025;SANNY RATNA SARI;EAST JAVA;PT UNIRAMA DUTA NIAGA;PROBOLINGGO
FIRDAUS;probolinggo9;KPRI WALUYO JATI;UDN026W00002;W00002;SANNY RATNA SARI;EAST JAVA;PT UNIRAMA DUTA NIAGA;PROBOLINGGO
FIRDAUS;probolinggo9;LEMAN JAYA;UDN026L0071;L0071;SANNY RATNA SARI;EAST JAVA;PT UNIRAMA DUTA NIAGA;PROBOLINGGO
FIRDAUS;probolinggo9;MALIKI;UDN026M0037;M0037;SANNY RATNA SARI;EAST JAVA;PT UNIRAMA DUTA NIAGA;PROBOLINGGO
FIRDAUS;probolinggo9;MISRI;UDN026M00043;M00043;SANNY RATNA SARI;EAST JAVA;PT UNIRAMA DUTA NIAGA;PROBOLINGGO
FIRDAUS;probolinggo9;MJ SWALAYAN;UDN026M0416;M0416;SANNY RATNA SARI;EAST JAVA;PT UNIRAMA DUTA NIAGA;PROBOLINGGO
FIRDAUS;probolinggo9;PRANOTO;UDN026P00015;P00015;SANNY RATNA SARI;EAST JAVA;PT UNIRAMA DUTA NIAGA;PROBOLINGGO
FIRDAUS;probolinggo9;PURNAMA;UDN026P00029;P00029;SANNY RATNA SARI;EAST JAVA;PT UNIRAMA DUTA NIAGA;PROBOLINGGO
FIRDAUS;probolinggo9;PUSAKA SNACK;UDN026P00041;P00041;SANNY RATNA SARI;EAST JAVA;PT UNIRAMA DUTA NIAGA;PROBOLINGGO
FIRDAUS;probolinggo9;RAHAYU;UDN026R00056;R00056;SANNY RATNA SARI;EAST JAVA;PT UNIRAMA DUTA NIAGA;PROBOLINGGO
FIRDAUS;probolinggo9;RAHMAN;UDN026R00019;R00019;SANNY RATNA SARI;EAST JAVA;PT UNIRAMA DUTA NIAGA;PROBOLINGGO
FIRDAUS;probolinggo9;SEHAT MART;UDN026S00048;S00048;SANNY RATNA SARI;EAST JAVA;PT UNIRAMA DUTA NIAGA;PROBOLINGGO
FIRDAUS;probolinggo9;SINAR MULIA;UDN026S00142;S00142;SANNY RATNA SARI;EAST JAVA;PT UNIRAMA DUTA NIAGA;PROBOLINGGO
FIRDAUS;probolinggo9;SOFYAN SNACK;UDN026S00083;S00083;SANNY RATNA SARI;EAST JAVA;PT UNIRAMA DUTA NIAGA;PROBOLINGGO
FIRDAUS;probolinggo9;AHMAD;UDN026A00147;A00147;SANNY RATNA SARI;EAST JAVA;PT UNIRAMA DUTA NIAGA;PROBOLINGGO
FIRDAUS;probolinggo9;AJENG;UDN026A00133;A00133;SANNY RATNA SARI;EAST JAVA;PT UNIRAMA DUTA NIAGA;PROBOLINGGO
FIRDAUS;probolinggo9;BASMALAH DRINGU;UDN026B00139;B00139;SANNY RATNA SARI;EAST JAVA;PT UNIRAMA DUTA NIAGA;PROBOLINGGO
FIRDAUS;probolinggo9;CARIKA;UDN026C00014;C00014;SANNY RATNA SARI;EAST JAVA;PT UNIRAMA DUTA NIAGA;PROBOLINGGO
FIRDAUS;probolinggo9;ENI;UDN026E00013;E00013;SANNY RATNA SARI;EAST JAVA;PT UNIRAMA DUTA NIAGA;PROBOLINGGO
FIRDAUS;probolinggo9;KAMIDIN;UDN026K00055;K00055;SANNY RATNA SARI;EAST JAVA;PT UNIRAMA DUTA NIAGA;PROBOLINGGO
FIRDAUS;probolinggo9;KANZA;UDN026K00044;K00044;SANNY RATNA SARI;EAST JAVA;PT UNIRAMA DUTA NIAGA;PROBOLINGGO
FIRDAUS;probolinggo9;MASRIK;UDN026M00065;M00065;SANNY RATNA SARI;EAST JAVA;PT UNIRAMA DUTA NIAGA;PROBOLINGGO
FIRDAUS;probolinggo9;NAJWA;UDN026K00003;K00003;SANNY RATNA SARI;EAST JAVA;PT UNIRAMA DUTA NIAGA;PROBOLINGGO
FIRDAUS;probolinggo9;RAHMAD JAYA;UDN026R00042;R00042;SANNY RATNA SARI;EAST JAVA;PT UNIRAMA DUTA NIAGA;PROBOLINGGO
FIRDAUS;probolinggo9;RIO MART;UDN026R00001;R00001;SANNY RATNA SARI;EAST JAVA;PT UNIRAMA DUTA NIAGA;PROBOLINGGO
FIRDAUS;probolinggo9;SALON ITA/B TRIS;UDN026S00008;S00008;SANNY RATNA SARI;EAST JAVA;PT UNIRAMA DUTA NIAGA;PROBOLINGGO
FIRDAUS;probolinggo9;SUGI;UDN026S00098;S00098;SANNY RATNA SARI;EAST JAVA;PT UNIRAMA DUTA NIAGA;PROBOLINGGO
FIRDAUS;probolinggo9;UD DORANG;UDN026D00028;D00028;SANNY RATNA SARI;EAST JAVA;PT UNIRAMA DUTA NIAGA;PROBOLINGGO
FIRDAUS;probolinggo9;WARTEL WURIS;UDN026W00026;W00026;SANNY RATNA SARI;EAST JAVA;PT UNIRAMA DUTA NIAGA;PROBOLINGGO
FIRDAUS;probolinggo9;YULIATIN;UDN026Y00005;Y00005;SANNY RATNA SARI;EAST JAVA;PT UNIRAMA DUTA NIAGA;PROBOLINGGO
FIRDAUS;probolinggo9;ZIDAN JAYA;UDN026Z00007;Z00007;SANNY RATNA SARI;EAST JAVA;PT UNIRAMA DUTA NIAGA;PROBOLINGGO
FIRDAUS;probolinggo9;ADIT BAROKAH;UDN026A00142;A00142;SANNY RATNA SARI;EAST JAVA;PT UNIRAMA DUTA NIAGA;PROBOLINGGO
FIRDAUS;probolinggo9;ANA JAYA;UDN026A00057;A00057;SANNY RATNA SARI;EAST JAVA;PT UNIRAMA DUTA NIAGA;PROBOLINGGO
FIRDAUS;probolinggo9;ARIFIN;UDN026A00058;A00058;SANNY RATNA SARI;EAST JAVA;PT UNIRAMA DUTA NIAGA;PROBOLINGGO
FIRDAUS;probolinggo9;ASMANI;UDN026A00145;A00145;SANNY RATNA SARI;EAST JAVA;PT UNIRAMA DUTA NIAGA;PROBOLINGGO
FIRDAUS;probolinggo9;BAYU JAYA;UDN026B00015;B00015;SANNY RATNA SARI;EAST JAVA;PT UNIRAMA DUTA NIAGA;PROBOLINGGO
FIRDAUS;probolinggo9;DKI STORE;UDN026D00025;D00025;SANNY RATNA SARI;EAST JAVA;PT UNIRAMA DUTA NIAGA;PROBOLINGGO
FIRDAUS;probolinggo9;GWEN MART;UDN026G00017;G00017;SANNY RATNA SARI;EAST JAVA;PT UNIRAMA DUTA NIAGA;PROBOLINGGO
FIRDAUS;probolinggo9;HANA;UDN026H00057;H00057;SANNY RATNA SARI;EAST JAVA;PT UNIRAMA DUTA NIAGA;PROBOLINGGO
FIRDAUS;probolinggo9;RAHMAN;UDN026R00018;R00018;SANNY RATNA SARI;EAST JAVA;PT UNIRAMA DUTA NIAGA;PROBOLINGGO
FIRDAUS;probolinggo9;RAYA;UDN026D00033;D00033;SANNY RATNA SARI;EAST JAVA;PT UNIRAMA DUTA NIAGA;PROBOLINGGO
FIRDAUS;probolinggo9;RINA;UDN026R00039;R00039;SANNY RATNA SARI;EAST JAVA;PT UNIRAMA DUTA NIAGA;PROBOLINGGO
FIRDAUS;probolinggo9;SLAMET;UDN026S00121;S00121;SANNY RATNA SARI;EAST JAVA;PT UNIRAMA DUTA NIAGA;PROBOLINGGO
FIRDAUS;probolinggo9;SOLEH;UDN026S00055;S00055;SANNY RATNA SARI;EAST JAVA;PT UNIRAMA DUTA NIAGA;PROBOLINGGO
FIRDAUS;probolinggo9;TIA JAYA CELL;UDN026T00002;T00002;SANNY RATNA SARI;EAST JAVA;PT UNIRAMA DUTA NIAGA;PROBOLINGGO
FIRDAUS;probolinggo9;UNTUNG;UDN026U00004;U00004;SANNY RATNA SARI;EAST JAVA;PT UNIRAMA DUTA NIAGA;PROBOLINGGO
AKBAR FERMANSYAH;probolinggo6;ALIZZA SNACK;UDN026A00106;A00106;SANNY RATNA SARI;EAST JAVA;PT UNIRAMA DUTA NIAGA;PROBOLINGGO
AKBAR FERMANSYAH;probolinggo6;SLAMET;UDN026S00099;S00099;SANNY RATNA SARI;EAST JAVA;PT UNIRAMA DUTA NIAGA;PROBOLINGGO
AKBAR FERMANSYAH;probolinggo6;JUMARI;UDN026J00036;J00036;SANNY RATNA SARI;EAST JAVA;PT UNIRAMA DUTA NIAGA;PROBOLINGGO
AKBAR FERMANSYAH;probolinggo6;ADS FROZEN FOOD;UDN026A00157;A00157;SANNY RATNA SARI;EAST JAVA;PT UNIRAMA DUTA NIAGA;PROBOLINGGO
AKBAR FERMANSYAH;probolinggo6;AL FURQON;UDN026F00042;F00042;SANNY RATNA SARI;EAST JAVA;PT UNIRAMA DUTA NIAGA;PROBOLINGGO
AKBAR FERMANSYAH;probolinggo6;AMANAH;UDN026A00118;A00118;SANNY RATNA SARI;EAST JAVA;PT UNIRAMA DUTA NIAGA;PROBOLINGGO
AKBAR FERMANSYAH;probolinggo6;ANDIAZ;UDN026A00076;A00076;SANNY RATNA SARI;EAST JAVA;PT UNIRAMA DUTA NIAGA;PROBOLINGGO
AKBAR FERMANSYAH;probolinggo6;JUNAIDAH;UDN026J00035;J00035;SANNY RATNA SARI;EAST JAVA;PT UNIRAMA DUTA NIAGA;PROBOLINGGO
AKBAR FERMANSYAH;probolinggo6;N3;UDN026N00052;N00052;SANNY RATNA SARI;EAST JAVA;PT UNIRAMA DUTA NIAGA;PROBOLINGGO
AKBAR FERMANSYAH;probolinggo6;ORANGE;UDN026O00004;O00004;SANNY RATNA SARI;EAST JAVA;PT UNIRAMA DUTA NIAGA;PROBOLINGGO
AKBAR FERMANSYAH;probolinggo6;ROFIK;UDN026R00065;R00065;SANNY RATNA SARI;EAST JAVA;PT UNIRAMA DUTA NIAGA;PROBOLINGGO
AKBAR FERMANSYAH;probolinggo6;CAHAYA REJEKI;UDN026C00020;C00020;SANNY RATNA SARI;EAST JAVA;PT UNIRAMA DUTA NIAGA;PROBOLINGGO
AKBAR FERMANSYAH;probolinggo6;NANIK;UDN026N00041;N00041;SANNY RATNA SARI;EAST JAVA;PT UNIRAMA DUTA NIAGA;PROBOLINGGO
AKBAR FERMANSYAH;probolinggo6;SRC WIKO;UDN026W00031;W00031;SANNY RATNA SARI;EAST JAVA;PT UNIRAMA DUTA NIAGA;PROBOLINGGO
AKBAR FERMANSYAH;probolinggo6;SUMBER PANGAN;UDN026S00058;S00058;SANNY RATNA SARI;EAST JAVA;PT UNIRAMA DUTA NIAGA;PROBOLINGGO
AKBAR FERMANSYAH;probolinggo6;AMANAH;UDN026A00148;A00148;SANNY RATNA SARI;EAST JAVA;PT UNIRAMA DUTA NIAGA;PROBOLINGGO
AKBAR FERMANSYAH;probolinggo6;ANIS;UDN026A00007;A00007;SANNY RATNA SARI;EAST JAVA;PT UNIRAMA DUTA NIAGA;PROBOLINGGO
AKBAR FERMANSYAH;probolinggo6;ANISKA;UDN026A00099;A00099;SANNY RATNA SARI;EAST JAVA;PT UNIRAMA DUTA NIAGA;PROBOLINGGO
AKBAR FERMANSYAH;probolinggo6;ANISKA 2;UDN026A00140;A00140;SANNY RATNA SARI;EAST JAVA;PT UNIRAMA DUTA NIAGA;PROBOLINGGO
AKBAR FERMANSYAH;probolinggo6;HUDA;UDN026H00059;H00059;SANNY RATNA SARI;EAST JAVA;PT UNIRAMA DUTA NIAGA;PROBOLINGGO
AKBAR FERMANSYAH;probolinggo6;LINDA CELL;UDN026L00017;L00017;SANNY RATNA SARI;EAST JAVA;PT UNIRAMA DUTA NIAGA;PROBOLINGGO
AKBAR FERMANSYAH;probolinggo6;NUR;UDN026N00046;N00046;SANNY RATNA SARI;EAST JAVA;PT UNIRAMA DUTA NIAGA;PROBOLINGGO
AKBAR FERMANSYAH;probolinggo6;WIPRA;UDN026W00008;W00008;SANNY RATNA SARI;EAST JAVA;PT UNIRAMA DUTA NIAGA;PROBOLINGGO
AKBAR FERMANSYAH;probolinggo6;ANSORI;UDN026A00043;A00043;SANNY RATNA SARI;EAST JAVA;PT UNIRAMA DUTA NIAGA;PROBOLINGGO
AKBAR FERMANSYAH;probolinggo6;BERKAT;UDN026B00136;B00136;SANNY RATNA SARI;EAST JAVA;PT UNIRAMA DUTA NIAGA;PROBOLINGGO
AKBAR FERMANSYAH;probolinggo6;EMPAT TUJUH;UDN026E00008;E00008;SANNY RATNA SARI;EAST JAVA;PT UNIRAMA DUTA NIAGA;PROBOLINGGO
AKBAR FERMANSYAH;probolinggo6;JAVA MART;UDN026J00028;J00028;SANNY RATNA SARI;EAST JAVA;PT UNIRAMA DUTA NIAGA;PROBOLINGGO
AKBAR FERMANSYAH;probolinggo6;JUNAEDI;UDN026J00020;J00020;SANNY RATNA SARI;EAST JAVA;PT UNIRAMA DUTA NIAGA;PROBOLINGGO
AKBAR FERMANSYAH;probolinggo6;SION;UDN026S00174;S00174;SANNY RATNA SARI;EAST JAVA;PT UNIRAMA DUTA NIAGA;PROBOLINGGO
AKBAR FERMANSYAH;probolinggo6;SWANDAK SNACK;UDN026S00123;S00123;SANNY RATNA SARI;EAST JAVA;PT UNIRAMA DUTA NIAGA;PROBOLINGGO
AKBAR FERMANSYAH;probolinggo6;AR CELL;UDN026A00082;A00082;SANNY RATNA SARI;EAST JAVA;PT UNIRAMA DUTA NIAGA;PROBOLINGGO
AKBAR FERMANSYAH;probolinggo6;KENARI;UDN026K00065;K00065;SANNY RATNA SARI;EAST JAVA;PT UNIRAMA DUTA NIAGA;PROBOLINGGO
AKBAR FERMANSYAH;probolinggo6;ZAUZI;UDN026Z00009;Z00009;SANNY RATNA SARI;EAST JAVA;PT UNIRAMA DUTA NIAGA;PROBOLINGGO
AKBAR FERMANSYAH;probolinggo6;FAISOL;UDN026F00043;F00043;SANNY RATNA SARI;EAST JAVA;PT UNIRAMA DUTA NIAGA;PROBOLINGGO
AKBAR FERMANSYAH;probolinggo6;IKHSAL CELL;UDN026I00021;I00021;SANNY RATNA SARI;EAST JAVA;PT UNIRAMA DUTA NIAGA;PROBOLINGGO
AKBAR FERMANSYAH;probolinggo6;RINI;UDN026R00030;R00030;SANNY RATNA SARI;EAST JAVA;PT UNIRAMA DUTA NIAGA;PROBOLINGGO
AKBAR FERMANSYAH;probolinggo6;ROHIM;UDN026R00068;R00068;SANNY RATNA SARI;EAST JAVA;PT UNIRAMA DUTA NIAGA;PROBOLINGGO
AKBAR FERMANSYAH;probolinggo6;SHOFI;UDN026S00166;S00166;SANNY RATNA SARI;EAST JAVA;PT UNIRAMA DUTA NIAGA;PROBOLINGGO
AKBAR FERMANSYAH;probolinggo6;SRI REJEKI;UDN026S00164;S00164;SANNY RATNA SARI;EAST JAVA;PT UNIRAMA DUTA NIAGA;PROBOLINGGO
AKBAR FERMANSYAH;probolinggo6;YETI;UDN026Y00013;Y00013;SANNY RATNA SARI;EAST JAVA;PT UNIRAMA DUTA NIAGA;PROBOLINGGO
AKBAR FERMANSYAH;probolinggo6;YUDO CELL;UDN026Y00017;Y00017;SANNY RATNA SARI;EAST JAVA;PT UNIRAMA DUTA NIAGA;PROBOLINGGO
AKBAR FERMANSYAH;probolinggo6;ANUGERAH JAYA;UDN026A00128;A00128;SANNY RATNA SARI;EAST JAVA;PT UNIRAMA DUTA NIAGA;PROBOLINGGO
AKBAR FERMANSYAH;probolinggo6;GRIYA PAMPERS;UDN026G00022;G00022;SANNY RATNA SARI;EAST JAVA;PT UNIRAMA DUTA NIAGA;PROBOLINGGO
AKBAR FERMANSYAH;probolinggo6;HABIB MART;UDN026H00008;H00008;SANNY RATNA SARI;EAST JAVA;PT UNIRAMA DUTA NIAGA;PROBOLINGGO
AKBAR FERMANSYAH;probolinggo6;KAFA MART;UDN026K00056;K00056;SANNY RATNA SARI;EAST JAVA;PT UNIRAMA DUTA NIAGA;PROBOLINGGO
AKBAR FERMANSYAH;probolinggo6;MAIMUNAH;UDN026M00071;M00071;SANNY RATNA SARI;EAST JAVA;PT UNIRAMA DUTA NIAGA;PROBOLINGGO
AKBAR FERMANSYAH;probolinggo6;WIJAYA;UDN026W00028;W00028;SANNY RATNA SARI;EAST JAVA;PT UNIRAMA DUTA NIAGA;PROBOLINGGO
AKBAR FERMANSYAH;probolinggo6;WIWIK;UDN026W00015;W00015;SANNY RATNA SARI;EAST JAVA;PT UNIRAMA DUTA NIAGA;PROBOLINGGO
AKBAR FERMANSYAH;probolinggo6;YESIKA;UDN026Y00019;Y00019;SANNY RATNA SARI;EAST JAVA;PT UNIRAMA DUTA NIAGA;PROBOLINGGO